Workbook

Sheet 00_Data_Dictionary
A1: Table | B1: Column | C1: Meaning | D1: Example / Values
A2: ATMs | B2: ATM_ID | C2: Unique ATM identifier | D2: ATM001
A3: ATMs | B3: City | C3: City where ATM is located | D3: Nagpur
A4: ATMs | B4: Area_Type | C4: Type of location | D4: Urban / Semi-Urban / Rural
A5: ATMs | B5: ATM_Type | C5: ATM installation/location type | D5: On-Site / Off-Site / Mall / Transit
A6: ATMs | B6: Installation_Date | C6: ATM installation date | D6: 2023-05-18
A7: Transactions | B7: Transaction_ID | C7: Unique transaction identifier | D7: TXN000001
A8: Transactions | B8: ATM_ID | C8: ATM used for transaction | D8: ATM001
A9: Transactions | B9: Transaction_Date | C9: Date of transaction | D9: 2025-04-12
A10: Transactions | B10: Transaction_Time | C10: Time of transaction | D10: 18:45:10
A11: Transactions | B11: Transaction_Type | C11: Type of ATM transaction | D11: Withdrawal
A12: Transactions | B12: Amount | C12: Transaction amount | D12: 2000
... A23: Maintenance | B23: Downtime_Hours | C23: ATM downtime duration | D23: 4.5

Sheet 01_Raw_ATMs
A1: ATM_ID | B1: City | C1: Area_Type | D1: ATM_Type | E1: Installation_Date
A2: ATM001 | B2: Pune | C2: Urban | D2: Mall | E2: 44698
A3: ATM002 | B3: Nashik | C3: Urban | D3: On-Site | E3: 45582
A4: ATM003 | B4: Pune | C4: Semi-Urban | D4: On-Site | E4: 44258
A5: ATM004 | B5: Pune | C5: Urban | D5: On-Site | E5: 45346
A6: ATM005 | B6: Nashik | C6: Semi-Urban | D6: Transit | E6: 44648
A7: ATM006 | B7: Hyderabad | C7: Semi-Urban | D7: On-Site | E7: 45751
A8: ATM007 | B8: Mumbai | C8: Semi-Urban | D8: Mall | E8: 44766
A9: ATM008 | B9: Mumbai | C9: Urban | D9: Mall | E9: 44406
A10: ATM009 | B10: Pune | C10: Urban | D10: Mall | E10: 44901
A11: ATM010 | B11: Aurangabad | C11: Semi-Urban | D11: Transit | E11: 45295
A12: ATM011 | B12: Pune | C12: Rural | D12: Transit | E12: 44358
A13: ATM012 | B13: Aurangabad | C13: Semi-Urban | D13: Mall | E13: 45379
... A101: ATM100 | B101: Aurangabad | C101: Urban | D101: Transit | E101: 44904

Sheet 02_Raw_Transactions
A1: Transaction_ID | B1: ATM_ID | C1: Transaction_Date | D1: Transaction_Time | E1: Transaction_Type | F1: Amount | G1: Status | H1: Failure_Reason | I1: Duplicate_Check | J1: Missing_Reason_Check | K1: Clean_Status | L1: Clean_Transaction_Type | M1: Amount_Check | N1: Date_Check | O1: ATM_Master_Check | P1: Missing_ATM_ID
A2: TXN000001 | B2: ATM094 | C2: 45979 | D2: 0.60563657 | E2: Withdrawal | F2: 8000 | G2: Successful | I2: =COUNTIF($A:$A,A2) -> 1 | J2: =IF(AND(TRIM(G2)="Failed",H2=""),"Problem","OK") -> OK | K2: =PROPER(TRIM(G2)) -> Successful | L2: =PROPER(TRIM(E2)) -> Withdrawal | M2: =IF(OR(E2="Withdrawal",E2="Cash Deposit"),IF(F2>0,"OK","Problem"),IF(F2=0,"OK","Problem")) -> OK | N2: =IF(AND(C2>=DATE(2025,1,1),C2<=DATE(2026,6,30)),"OK","Problem") -> OK | O2: =_xlfn.XLOOKUP(B2,'01_Raw_ATMs'!A:A,'01_Raw_ATMs'!A:A,"Not Found") -> ATM094 | P2: =IF(B2="","Missing ATM_ID","Valid") -> Valid
A3: TXN000002 | B3: ATM006 | C3: 46104 | D3: 0.0415625 | E3: Withdrawal | F3: 10000 | G3: Successful | I3: =COUNTIF($A:$A,A3) -> 1 | J3: =IF(AND(TRIM(G3)="Failed",H3=""),"Problem","OK") -> OK | K3: =PROPER(TRIM(G3)) -> Successful | L3: =PROPER(TRIM(E3)) -> Withdrawal | M3: =IF(OR(E3="Withdrawal",E3="Cash Deposit"),IF(F3>0,"OK","Problem"),IF(F3=0,"OK","Problem")) -> OK | N3: =IF(AND(C3>=DATE(2025,1,1),C3<=DATE(2026,6,30)),"OK","Problem") -> OK | O3: =_xlfn.XLOOKUP(B3,'01_Raw_ATMs'!A:A,'01_Raw_ATMs'!A:A,"Not Found") -> ATM006 | P3: =IF(B3="","Missing ATM_ID","Valid") -> Valid | R3: =ROWS(A2:A10001) -> 10000
A4: TXN000003 | B4: ATM056 | C4: 45729 | D4: 0.9571875 | E4: Withdrawal | F4: 10000 | G4: Successful | I4: =COUNTIF($A:$A,A4) -> 1 | J4: =IF(AND(TRIM(G4)="Failed",H4=""),"Problem","OK") -> OK | K4: =PROPER(TRIM(G4)) -> Successful | L4: =PROPER(TRIM(E4)) -> Withdrawal | M4: =IF(OR(E4="Withdrawal",E4="Cash Deposit"),IF(F4>0,"OK","Problem"),IF(F4=0,"OK","Problem")) -> OK | N4: =IF(AND(C4>=DATE(2025,1,1),C4<=DATE(2026,6,30)),"OK","Problem") -> OK | O4: =_xlfn.XLOOKUP(B4,'01_Raw_ATMs'!A:A,'01_Raw_ATMs'!A:A,"Not Found") -> ATM056 | P4: =IF(B4="","Missing ATM_ID","Valid") -> Valid | R4: =COLUMNS(A1:H1) -> 8
A5: TXN000004 | B5: ATM093 | C5: 45965 | D5: 0.69613426 | E5: Withdrawal | F5: 2500 | G5: Successful | I5: =COUNTIF($A:$A,A5) -> 1 | J5: =IF(AND(TRIM(G5)="Failed",H5=""),"Problem","OK") -> OK | K5: =PROPER(TRIM(G5)) -> Successful | L5: =PROPER(TRIM(E5)) -> Withdrawal | M5: =IF(OR(E5="Withdrawal",E5="Cash Deposit"),IF(F5>0,"OK","Problem"),IF(F5=0,"OK","Problem")) -> OK | N5: =IF(AND(C5>=DATE(2025,1,1),C5<=DATE(2026,6,30)),"OK","Problem") -> OK | O5: =_xlfn.XLOOKUP(B5,'01_Raw_ATMs'!A:A,'01_Raw_ATMs'!A:A,"Not Found") -> ATM093 | P5: =IF(B5="","Missing ATM_ID","Valid") -> Valid | R5: =COUNTIF(I1:I10001,2) -> 10
A6: TXN000005 | B6: ATM025 | C6: 46088 | D6: 0.76716435 | E6: Balance Inquiry | F6: 0 | G6: Successful | I6: =COUNTIF($A:$A,A6) -> 1 | J6: =IF(AND(TRIM(G6)="Failed",H6=""),"Problem","OK") -> OK | K6: =PROPER(TRIM(G6)) -> Successful | L6: =PROPER(TRIM(E6)) -> Balance Inquiry | M6: =IF(OR(E6="Withdrawal",E6="Cash Deposit"),IF(F6>0,"OK","Problem"),IF(F6=0,"OK","Problem")) -> OK | N6: =IF(AND(C6>=DATE(2025,1,1),C6<=DATE(2026,6,30)),"OK","Problem") -> OK | O6: =_xlfn.XLOOKUP(B6,'01_Raw_ATMs'!A:A,'01_Raw_ATMs'!A:A,"Not Found") -> ATM025 | P6: =IF(B6="","Missing ATM_ID","Valid") -> Valid | R6: ,
A7: TXN000006 | B7: ATM073 | C7: 45966 | D7: 0.62013889 | E7: Withdrawal | F7: 2000 | G7: Successful | I7: =COUNTIF($A:$A,A7) -> 1 | J7: =IF(AND(TRIM(G7)="Failed",H7=""),"Problem","OK") -> OK | K7: =PROPER(TRIM(G7)) -> Successful | L7: =PROPER(TRIM(E7)) -> Withdrawal | M7: =IF(OR(E7="Withdrawal",E7="Cash Deposit"),IF(F7>0,"OK","Problem"),IF(F7=0,"OK","Problem")) -> OK | N7: =IF(AND(C7>=DATE(2025,1,1),C7<=DATE(2026,6,30)),"OK","Problem") -> OK | O7: =_xlfn.XLOOKUP(B7,'01_Raw_ATMs'!A:A,'01_Raw_ATMs'!A:A,"Not Found") -> ATM073 | P7: =IF(B7="","Missing ATM_ID","Valid") -> Valid | R7: =COUNTIF(K2:K10001,"Successful") -> 9405
A8: TXN000007 | B8: ATM075 | C8: 45987 | D8: 0.64494213 | E8: Withdrawal | F8: 5000 | G8: Successful | I8: =COUNTIF($A:$A,A8) -> 1 | J8: =IF(AND(TRIM(G8)="Failed",H8=""),"Problem","OK") -> OK | K8: =PROPER(TRIM(G8)) -> Successful | L8: =PROPER(TRIM(E8)) -> Withdrawal | M8: =IF(OR(E8="Withdrawal",E8="Cash Deposit"),IF(F8>0,"OK","Problem"),IF(F8=0,"OK","Problem")) -> OK | N8: =IF(AND(C8>=DATE(2025,1,1),C8<=DATE(2026,6,30)),"OK","Problem") -> OK | O8: =_xlfn.XLOOKUP(B8,'01_Raw_ATMs'!A:A,'01_Raw_ATMs'!A:A,"Not Found") -> ATM075 | P8: =IF(B8="","Missing ATM_ID","Valid") -> Valid | R8: =COUNTIF(K2:K10001,"Failed") -> 595
A9: TXN000008 | B9: ATM095 | C9: 45831 | D9: 0.76287037 | E9: Withdrawal | F9: 8000 | G9: Successful | I9: =COUNTIF($A:$A,A9) -> 1 | J9: =IF(AND(TRIM(G9)="Failed",H9=""),"Problem","OK") -> OK | K9: =PROPER(TRIM(G9)) -> Successful | L9: =PROPER(TRIM(E9)) -> Withdrawal | M9: =IF(OR(E9="Withdrawal",E9="Cash Deposit"),IF(F9>0,"OK","Problem"),IF(F9=0,"OK","Problem")) -> OK | N9: =IF(AND(C9>=DATE(2025,1,1),C9<=DATE(2026,6,30)),"OK","Problem") -> OK | O9: =_xlfn.XLOOKUP(B9,'01_Raw_ATMs'!A:A,'01_Raw_ATMs'!A:A,"Not Found") -> ATM095 | P9: =IF(B9="","Missing ATM_ID","Valid") -> Valid | R9: =COUNTA(L2:L10001) -> 10000
A10: TXN000009 | B10: ATM097 | C10: 45898 | D10: 0.7603125 | E10: Withdrawal | F10: 500 | G10: Successful | I10: =COUNTIF($A:$A,A10) -> 1 | J10: =IF(AND(TRIM(G10)="Failed",H10=""),"Problem","OK") -> OK | K10: =PROPER(TRIM(G10)) -> Successful | L10: =PROPER(TRIM(E10)) -> Withdrawal | M10: =IF(OR(E10="Withdrawal",E10="Cash Deposit"),IF(F10>0,"OK","Problem"),IF(F10=0,"OK","Problem")) -> OK | N10: =IF(AND(C10>=DATE(2025,1,1),C10<=DATE(2026,6,30)),"OK","Problem") -> OK | O10: =_xlfn.XLOOKUP(B10,'01_Raw_ATMs'!A:A,'01_Raw_ATMs'!A:A,"Not Found") -> ATM097 | P10: =IF(B10="","Missing ATM_ID","Valid") -> Valid | R10: =COUNTBLANK(C2:C10001) -> 0
A11: TXN000010 | B11: ATM061 | C11: 45732 | D11: 0.66435185 | E11: Withdrawal | F11: 4000 | G11: Successful | I11: =COUNTIF($A:$A,A11) -> 1 | J11: =IF(AND(TRIM(G11)="Failed",H11=""),"Problem","OK") -> OK | K11: =PROPER(TRIM(G11)) -> Successful | L11: =PROPER(TRIM(E11)) -> Withdrawal | M11: =IF(OR(E11="Withdrawal",E11="Cash Deposit"),IF(F11>0,"OK","Problem"),IF(F11=0,"OK","Problem")) -> OK | N11: =IF(AND(C11>=DATE(2025,1,1),C11<=DATE(2026,6,30)),"OK","Problem") -> OK | O11: =_xlfn.XLOOKUP(B11,'01_Raw_ATMs'!A:A,'01_Raw_ATMs'!A:A,"Not Found") -> ATM061 | P11: =IF(B11="","Missing ATM_ID","Valid") -> Valid | R11: =COUNTIF(N2:N10001,"Problem") -> 0
A12: TXN000011 | B12: ATM032 | C12: 45809 | D12: 0.75065972 | E12: Balance Inquiry | F12: 0 | G12: Successful | I12: =COUNTIF($A:$A,A12) -> 1 | J12: =IF(AND(TRIM(G12)="Failed",H12=""),"Problem","OK") -> OK | K12: =PROPER(TRIM(G12)) -> Successful | L12: =PROPER(TRIM(E12)) -> Balance Inquiry | M12: =IF(OR(E12="Withdrawal",E12="Cash Deposit"),IF(F12>0,"OK","Problem"),IF(F12=0,"OK","Problem")) -> OK | N12: =IF(AND(C12>=DATE(2025,1,1),C12<=DATE(2026,6,30)),"OK","Problem") -> OK | O12: =_xlfn.XLOOKUP(B12,'01_Raw_ATMs'!A:A,'01_Raw_ATMs'!A:A,"Not Found") -> ATM032 | P12: =IF(B12="","Missing ATM_ID","Valid") -> Valid | R12: =MAX(F2:F10001) -> 25000
A13: TXN000012 | B13: ATM014 | C13: 46093 | D13: 0.41092593 | E13: Withdrawal | F13: 500 | G13: Successful | I13: =COUNTIF($A:$A,A13) -> 1 | J13: =IF(AND(TRIM(G13)="Failed",H13=""),"Problem","OK") -> OK | K13: =PROPER(TRIM(G13)) -> Successful | L13: =PROPER(TRIM(E13)) -> Withdrawal | M13: =IF(OR(E13="Withdrawal",E13="Cash Deposit"),IF(F13>0,"OK","Problem"),IF(F13=0,"OK","Problem")) -> OK | N13: =IF(AND(C13>=DATE(2025,1,1),C13<=DATE(2026,6,30)),"OK","Problem") -> OK | O13: =_xlfn.XLOOKUP(B13,'01_Raw_ATMs'!A:A,'01_Raw_ATMs'!A:A,"Not Found") -> ATM014 | P13: =IF(B13="","Missing ATM_ID","Valid") -> Valid | R13: =MIN(F2:F10001) -> 0
A14: TXN000013 | B14: ATM016 | C14: 46125 | D14: 0.31229167 | E14: Withdrawal | F14: 6000 | G14: Successful | I14: =COUNTIF($A:$A,A14) -> 1 | J14: =IF(AND(TRIM(G14)="Failed",H14=""),"Problem","OK") -> OK | K14: =PROPER(TRIM(G14)) -> Successful | L14: =PROPER(TRIM(E14)) -> Withdrawal | M14: =IF(OR(E14="Withdrawal",E14="Cash Deposit"),IF(F14>0,"OK","Problem"),IF(F14=0,"OK","Problem")) -> OK | N14: =IF(AND(C14>=DATE(2025,1,1),C14<=DATE(2026,6,30)),"OK","Problem") -> OK | O14: =_xlfn.XLOOKUP(B14,'01_Raw_ATMs'!A:A,'01_Raw_ATMs'!A:A,"Not Found") -> ATM016 | P14: =IF(B14="","Missing ATM_ID","Valid") -> Valid | R14: =COUNTIF(O2:O10001,"Not Found") -> 0
A15: TXN000014 | B15: ATM097 | C15: 46111 | D15: 0.7409375 | E15: Withdrawal | F15: 6000 | G15: Successful | I15: =COUNTIF($A:$A,A15) -> 1 | J15: =IF(AND(TRIM(G15)="Failed",H15=""),"Problem","OK") -> OK | K15: =PROPER(TRIM(G15)) -> Successful | L15: =PROPER(TRIM(E15)) -> Withdrawal | M15: =IF(OR(E15="Withdrawal",E15="Cash Deposit"),IF(F15>0,"OK","Problem"),IF(F15=0,"OK","Problem")) -> OK | N15: =IF(AND(C15>=DATE(2025,1,1),C15<=DATE(2026,6,30)),"OK","Problem") -> OK | O15: =_xlfn.XLOOKUP(B15,'01_Raw_ATMs'!A:A,'01_Raw_ATMs'!A:A,"Not Found") -> ATM097 | P15: =IF(B15="","Missing ATM_ID","Valid") -> Valid | R15: =COUNTIF(P2:P10001,"Missing ATM_ID") -> 3
A16: TXN000015 | B16: ATM021 | C16: 46144 | D16: 0.65850694 | E16: Balance Inquiry | F16: 0 | G16: Successful | I16: =COUNTIF($A:$A,A16) -> 1 | J16: =IF(AND(TRIM(G16)="Failed",H16=""),"Problem","OK") -> OK | K16: =PROPER(TRIM(G16)) -> Successful | L16: =PROPER(TRIM(E16)) -> Balance Inquiry | M16: =IF(OR(E16="Withdrawal",E16="Cash Deposit"),IF(F16>0,"OK","Problem"),IF(F16=0,"OK","Problem")) -> OK | N16: =IF(AND(C16>=DATE(2025,1,1),C16<=DATE(2026,6,30)),"OK","Problem") -> OK | O16: =_xlfn.XLOOKUP(B16,'01_Raw_ATMs'!A:A,'01_Raw_ATMs'!A:A,"Not Found") -> ATM021 | P16: =IF(B16="","Missing ATM_ID","Valid") -> Valid | R16: =COUNTA(A:A)-1 -> 10000
A17: TXN000016 | B17: ATM100 | C17: 46191 | D17: 0.63561343 | E17: Withdrawal | F17: 2500 | G17: Successful | I17: =COUNTIF($A:$A,A17) -> 1 | J17: =IF(AND(TRIM(G17)="Failed",H17=""),"Problem","OK") -> OK | K17: =PROPER(TRIM(G17)) -> Successful | L17: =PROPER(TRIM(E17)) -> Withdrawal | M17: =IF(OR(E17="Withdrawal",E17="Cash Deposit"),IF(F17>0,"OK","Problem"),IF(F17=0,"OK","Problem")) -> OK | N17: =IF(AND(C17>=DATE(2025,1,1),C17<=DATE(2026,6,30)),"OK","Problem") -> OK | O17: =_xlfn.XLOOKUP(B17,'01_Raw_ATMs'!A:A,'01_Raw_ATMs'!A:A,"Not Found") -> ATM100 | P17: =IF(B17="","Missing ATM_ID","Valid") -> Valid
A18: TXN000017 | B18: ATM043 | C18: 45985 | D18: 0.83689815 | E18: Withdrawal | F18: 4000 | G18: Successful | I18: =COUNTIF($A:$A,A18) -> 1 | J18: =IF(AND(TRIM(G18)="Failed",H18=""),"Problem","OK") -> OK | K18: =PROPER(TRIM(G18)) -> Successful | L18: =PROPER(TRIM(E18)) -> Withdrawal | M18: =IF(OR(E18="Withdrawal",E18="Cash Deposit"),IF(F18>0,"OK","Problem"),IF(F18=0,"OK","Problem")) -> OK | N18: =IF(AND(C18>=DATE(2025,1,1),C18<=DATE(2026,6,30)),"OK","Problem") -> OK | O18: =_xlfn.XLOOKUP(B18,'01_Raw_ATMs'!A:A,'01_Raw_ATMs'!A:A,"Not Found") -> ATM043 | P18: =IF(B18="","Missing ATM_ID","Valid") -> Valid
A19: TXN000018 | B19: ATM091 | C19: 45877 | D19: 0.22663194 | E19: Withdrawal | F19: 4000 | G19: Successful | I19: =COUNTIF($A:$A,A19) -> 1 | J19: =IF(AND(TRIM(G19)="Failed",H19=""),"Problem","OK") -> OK | K19: =PROPER(TRIM(G19)) -> Successful | L19: =PROPER(TRIM(E19)) -> Withdrawal | M19: =IF(OR(E19="Withdrawal",E19="Cash Deposit"),IF(F19>0,"OK","Problem"),IF(F19=0,"OK","Problem")) -> OK | N19: =IF(AND(C19>=DATE(2025,1,1),C19<=DATE(2026,6,30)),"OK","Problem") -> OK | O19: =_xlfn.XLOOKUP(B19,'01_Raw_ATMs'!A:A,'01_Raw_ATMs'!A:A,"Not Found") -> ATM091 | P19: =IF(B19="","Missing ATM_ID","Valid") -> Valid
A20: TXN000019 | B20: ATM054 | C20: 46056 | D20: 0.9012037 | E20: Withdrawal | F20: 8000 | G20: Successful | I20: =COUNTIF($A:$A,A20) -> 1 | J20: =IF(AND(TRIM(G20)="Failed",H20=""),"Problem","OK") -> OK | K20: =PROPER(TRIM(G20)) -> Successful | L20: =PROPER(TRIM(E20)) -> Withdrawal | M20: =IF(OR(E20="Withdrawal",E20="Cash Deposit"),IF(F20>0,"OK","Problem"),IF(F20=0,"OK","Problem")) -> OK | N20: =IF(AND(C20>=DATE(2025,1,1),C20<=DATE(2026,6,30)),"OK","Problem") -> OK | O20: =_xlfn.XLOOKUP(B20,'01_Raw_ATMs'!A:A,'01_Raw_ATMs'!A:A,"Not Found") -> ATM054 | P20: =IF(B20="","Missing ATM_ID","Valid") -> Valid
A21: TXN000020 | B21: ATM001 | C21: 46018 | D21: 0.475625 | E21: Mini Statement | F21: 0 | G21: Successful | I21: =COUNTIF($A:$A,A21) -> 1 | J21: =IF(AND(TRIM(G21)="Failed",H21=""),"Problem","OK") -> OK | K21: =PROPER(TRIM(G21)) -> Successful | L21: =PROPER(TRIM(E21)) -> Mini Statement | M21: =IF(OR(E21="Withdrawal",E21="Cash Deposit"),IF(F21>0,"OK","Problem"),IF(F21=0,"OK","Problem")) -> OK | N21: =IF(AND(C21>=DATE(2025,1,1),C21<=DATE(2026,6,30)),"OK","Problem") -> OK | O21: =_xlfn.XLOOKUP(B21,'01_Raw_ATMs'!A:A,'01_Raw_ATMs'!A:A,"Not Found") -> ATM001 | P21: =IF(B21="","Missing ATM_ID","Valid") -> Valid
A22: TXN000021 | B22: ATM069 | C22: 45883 | D22: 0.63711806 | E22: Withdrawal | F22: 4000 | G22: Successful | I22: =COUNTIF($A:$A,A22) -> 1 | J22: =IF(AND(TRIM(G22)="Failed",H22=""),"Problem","OK") -> OK | K22: =PROPER(TRIM(G22)) -> Successful | L22: =PROPER(TRIM(E22)) -> Withdrawal | M22: =IF(OR(E22="Withdrawal",E22="Cash Deposit"),IF(F22>0,"OK","Problem"),IF(F22=0,"OK","Problem")) -> OK | N22: =IF(AND(C22>=DATE(2025,1,1),C22<=DATE(2026,6,30)),"OK","Problem") -> OK | O22: =_xlfn.XLOOKUP(B22,'01_Raw_ATMs'!A:A,'01_Raw_ATMs'!A:A,"Not Found") -> ATM069 | P22: =IF(B22="","Missing ATM_ID","Valid") -> Valid
A23: TXN000022 | B23: ATM087 | C23: 46072 | D23: 0.7871412 | E23: Mini Statement | F23: 0 | G23: Failed | I23: =COUNTIF($A:$A,A23) -> 1 | J23: =IF(AND(TRIM(G23)="Failed",H23=""),"Problem","OK") -> Problem | K23: =PROPER(TRIM(G23)) -> Failed | L23: =PROPER(TRIM(E23)) -> Mini Statement | M23: =IF(OR(E23="Withdrawal",E23="Cash Deposit"),IF(F23>0,"OK","Problem"),IF(F23=0,"OK","Problem")) -> OK | N23: =IF(AND(C23>=DATE(2025,1,1),C23<=DATE(2026,6,30)),"OK","Problem") -> OK | O23: =_xlfn.XLOOKUP(B23,'01_Raw_ATMs'!A:A,'01_Raw_ATMs'!A:A,"Not Found") -> ATM087 | P23: =IF(B23="","Missing ATM_ID","Valid") -> Valid
A24: TXN000023 | B24: ATM004 | C24: 46061 | D24: 0.73751157 | E24: Withdrawal | F24: 4000 | G24: Successful | I24: =COUNTIF($A:$A,A24) -> 1 | J24: =IF(AND(TRIM(G24)="Failed",H24=""),"Problem","OK") -> OK | K24: =PROPER(TRIM(G24)) -> Successful | L24: =PROPER(TRIM(E24)) -> Withdrawal | M24: =IF(OR(E24="Withdrawal",E24="Cash Deposit"),IF(F24>0,"OK","Problem"),IF(F24=0,"OK","Problem")) -> OK | N24: =IF(AND(C24>=DATE(2025,1,1),C24<=DATE(2026,6,30)),"OK","Problem") -> OK | O24: =_xlfn.XLOOKUP(B24,'01_Raw_ATMs'!A:A,'01_Raw_ATMs'!A:A,"Not Found") -> ATM004 | P24: =IF(B24="","Missing ATM_ID","Valid") -> Valid
A25: TXN000024 | B25: ATM060 | C25: 45844 | D25: 0.18356481 | E25: Withdrawal | F25: 3000 | G25: Successful | I25: =COUNTIF($A:$A,A25) -> 1 | J25: =IF(AND(TRIM(G25)="Failed",H25=""),"Problem","OK") -> OK | K25: =PROPER(TRIM(G25)) -> Successful | L25: =PROPER(TRIM(E25)) -> Withdrawal | M25: =IF(OR(E25="Withdrawal",E25="Cash Deposit"),IF(F25>0,"OK","Problem"),IF(F25=0,"OK","Problem")) -> OK | N25: =IF(AND(C25>=DATE(2025,1,1),C25<=DATE(2026,6,30)),"OK","Problem") -> OK | O25: =_xlfn.XLOOKUP(B25,'01_Raw_ATMs'!A:A,'01_Raw_ATMs'!A:A,"Not Found") -> ATM060 | P25: =IF(B25="","Missing ATM_ID","Valid") -> Valid
A26: TXN000025 | B26: ATM049 | C26: 45942 | D26: 0.78710648 | E26: Withdrawal | F26: 1000 | G26: Successful | I26: =COUNTIF($A:$A,A26) -> 1 | J26: =IF(AND(TRIM(G26)="Failed",H26=""),"Problem","OK") -> OK | K26: =PROPER(TRIM(G26)) -> Successful | L26: =PROPER(TRIM(E26)) -> Withdrawal | M26: =IF(OR(E26="Withdrawal",E26="Cash Deposit"),IF(F26>0,"OK","Problem"),IF(F26=0,"OK","Problem")) -> OK | N26: =IF(AND(C26>=DATE(2025,1,1),C26<=DATE(2026,6,30)),"OK","Problem") -> OK | O26: =_xlfn.XLOOKUP(B26,'01_Raw_ATMs'!A:A,'01_Raw_ATMs'!A:A,"Not Found") -> ATM049 | P26: =IF(B26="","Missing ATM_ID","Valid") -> Valid
A27: TXN000026 | B27: ATM096 | C27: 45711 | D27: 0.97377315 | E27: Withdrawal | F27: 10000 | G27: Successful | I27: =COUNTIF($A:$A,A27) -> 1 | J27: =IF(AND(TRIM(G27)="Failed",H27=""),"Problem","OK") -> OK | K27: =PROPER(TRIM(G27)) -> Successful | L27: =PROPER(TRIM(E27)) -> Withdrawal | M27: =IF(OR(E27="Withdrawal",E27="Cash Deposit"),IF(F27>0,"OK","Problem"),IF(F27=0,"OK","Problem")) -> OK | N27: =IF(AND(C27>=DATE(2025,1,1),C27<=DATE(2026,6,30)),"OK","Problem") -> OK | O27: =_xlfn.XLOOKUP(B27,'01_Raw_ATMs'!A:A,'01_Raw_ATMs'!A:A,"Not Found") -> ATM096 | P27: =IF(B27="","Missing ATM_ID","Valid") -> Valid
A28: TXN000027 | B28: ATM004 | C28: 45911 | D28: 0.33447917 | E28: Withdrawal | F28: 1500 | G28: Successful | I28: =COUNTIF($A:$A,A28) -> 1 | J28: =IF(AND(TRIM(G28)="Failed",H28=""),"Problem","OK") -> OK | K28: =PROPER(TRIM(G28)) -> Successful | L28: =PROPER(TRIM(E28)) -> Withdrawal | M28: =IF(OR(E28="Withdrawal",E28="Cash Deposit"),IF(F28>0,"OK","Problem"),IF(F28=0,"OK","Problem")) -> OK | N28: =IF(AND(C28>=DATE(2025,1,1),C28<=DATE(2026,6,30)),"OK","Problem") -> OK | O28: =_xlfn.XLOOKUP(B28,'01_Raw_ATMs'!A:A,'01_Raw_ATMs'!A:A,"Not Found") -> ATM004 | P28: =IF(B28="","Missing ATM_ID","Valid") -> Valid
... A451: TXN000450 | B451: ATM098 | C451: 46186 | D451: 0.86947917 | E451: Withdrawal | F451: 1500 | G451: Successful | I451: =COUNTIF($A:$A,A451) -> 1 | J451: =IF(AND(TRIM(G451)="Failed",H451=""),"Problem","OK") -> OK | K451: =PROPER(TRIM(G451)) -> Successful | L451: =PROPER(TRIM(E451)) -> Withdrawal | M451: =IF(OR(E451="Withdrawal",E451="Cash Deposit"),IF(F451>0,"OK","Problem"),IF(F451=0,"OK","Problem")) -> OK | N451: =IF(AND(C451>=DATE(2025,1,1),C451<=DATE(2026,6,30)),"OK","Problem") -> OK | O451: =_xlfn.XLOOKUP(B451,'01_Raw_ATMs'!A:A,'01_Raw_ATMs'!A:A,"Not Found") -> ATM098 | P451: =IF(B451="","Missing ATM_ID","Valid") -> Valid
A452: TXN000451 | C452: 46176 | D452: 0.61798611 | E452: Withdrawal | F452: 8000 | G452: Successful | I452: =COUNTIF($A:$A,A452) -> 1 | J452: =IF(AND(TRIM(G452)="Failed",H452=""),"Problem","OK") -> OK | K452: =PROPER(TRIM(G452)) -> Successful | L452: =PROPER(TRIM(E452)) -> Withdrawal | M452: =IF(OR(E452="Withdrawal",E452="Cash Deposit"),IF(F452>0,"OK","Problem"),IF(F452=0,"OK","Problem")) -> OK | N452: =IF(AND(C452>=DATE(2025,1,1),C452<=DATE(2026,6,30)),"OK","Problem") -> OK | O452: =_xlfn.XLOOKUP(B452,'01_Raw_ATMs'!A:A,'01_Raw_ATMs'!A:A,"Not Found") -> 0 | P452: =IF(B452="","Missing ATM_ID","Valid") -> Missing ATM_ID
A453: TXN000452 | B453: ATM025 | C453: 45863 | D453: 0.80210648 | E453: Withdrawal | F453: 3000 | G453: Successful | I453: =COUNTIF($A:$A,A453) -> 1 | J453: =IF(AND(TRIM(G453)="Failed",H453=""),"Problem","OK") -> OK | K453: =PROPER(TRIM(G453)) -> Successful | L453: =PROPER(TRIM(E453)) -> Withdrawal | M453: =IF(OR(E453="Withdrawal",E453="Cash Deposit"),IF(F453>0,"OK","Problem"),IF(F453=0,"OK","Problem")) -> OK | N453: =IF(AND(C453>=DATE(2025,1,1),C453<=DATE(2026,6,30)),"OK","Problem") -> OK | O453: =_xlfn.XLOOKUP(B453,'01_Raw_ATMs'!A:A,'01_Raw_ATMs'!A:A,"Not Found") -> ATM025 | P453: =IF(B453="","Missing ATM_ID","Valid") -> Valid
A454: TXN000453 | B454: ATM036 | C454: 46035 | D454: 0.81417824 | E454: Withdrawal | F454: 1000 | G454: Successful | I454: =COUNTIF($A:$A,A454) -> 1 | J454: =IF(AND(TRIM(G454)="Failed",H454=""),"Problem","OK") -> OK | K454: =PROPER(TRIM(G454)) -> Successful | L454: =PROPER(TRIM(E454)) -> Withdrawal | M454: =IF(OR(E454="Withdrawal",E454="Cash Deposit"),IF(F454>0,"OK","Problem"),IF(F454=0,"OK","Problem")) -> OK | N454: =IF(AND(C454>=DATE(2025,1,1),C454<=DATE(2026,6,30)),"OK","Problem") -> OK | O454: =_xlfn.XLOOKUP(B454,'01_Raw_ATMs'!A:A,'01_Raw_ATMs'!A:A,"Not Found") -> ATM036 | P454: =IF(B454="","Missing ATM_ID","Valid") -> Valid
A455: TXN000454 | B455: ATM031 | C455: 46039 | D455: 0.64457176 | E455: Cash Deposit | F455: 10000 | G455: Successful | I455: =COUNTIF($A:$A,A455) -> 1 | J455: =IF(AND(TRIM(G455)="Failed",H455=""),"Problem","OK") -> OK | K455: =PROPER(TRIM(G455)) -> Successful | L455: =PROPER(TRIM(E455)) -> Cash Deposit | M455: =IF(OR(E455="Withdrawal",E455="Cash Deposit"),IF(F455>0,"OK","Problem"),IF(F455=0,"OK","Problem")) -> OK | N455: =IF(AND(C455>=DATE(2025,1,1),C455<=DATE(2026,6,30)),"OK","Problem") -> OK | O455: =_xlfn.XLOOKUP(B455,'01_Raw_ATMs'!A:A,'01_Raw_ATMs'!A:A,"Not Found") -> ATM031 | P455: =IF(B455="","Missing ATM_ID","Valid") -> Valid
A456: TXN000455 | B456: ATM045 | C456: 46010 | D456: 0.37310185 | E456: Balance Inquiry | F456: 0 | G456: Successful | I456: =COUNTIF($A:$A,A456) -> 1 | J456: =IF(AND(TRIM(G456)="Failed",H456=""),"Problem","OK") -> OK | K456: =PROPER(TRIM(G456)) -> Successful | L456: =PROPER(TRIM(E456)) -> Balance Inquiry | M456: =IF(OR(E456="Withdrawal",E456="Cash Deposit"),IF(F456>0,"OK","Problem"),IF(F456=0,"OK","Problem")) -> OK | N456: =IF(AND(C456>=DATE(2025,1,1),C456<=DATE(2026,6,30)),"OK","Problem") -> OK | O456: =_xlfn.XLOOKUP(B456,'01_Raw_ATMs'!A:A,'01_Raw_ATMs'!A:A,"Not Found") -> ATM045 | P456: =IF(B456="","Missing ATM_ID","Valid") -> Valid
A457: TXN000456 | B457: ATM037 | C457: 45686 | D457: 0.54923611 | E457: Withdrawal | F457: 2000 | G457: Successful | I457: =COUNTIF($A:$A,A457) -> 1 | J457: =IF(AND(TRIM(G457)="Failed",H457=""),"Problem","OK") -> OK | K457: =PROPER(TRIM(G457)) -> Successful | L457: =PROPER(TRIM(E457)) -> Withdrawal | M457: =IF(OR(E457="Withdrawal",E457="Cash Deposit"),IF(F457>0,"OK","Problem"),IF(F457=0,"OK","Problem")) -> OK | N457: =IF(AND(C457>=DATE(2025,1,1),C457<=DATE(2026,6,30)),"OK","Problem") -> OK | O457: =_xlfn.XLOOKUP(B457,'01_Raw_ATMs'!A:A,'01_Raw_ATMs'!A:A,"Not Found") -> ATM037 | P457: =IF(B457="","Missing ATM_ID","Valid") -> Valid
A458: TXN000457 | B458: ATM083 | C458: 45888 | D458: 0.76228009 | E458: Withdrawal | F458: 500 | G458: Successful | I458: =COUNTIF($A:$A,A458) -> 1 | J458: =IF(AND(TRIM(G458)="Failed",H458=""),"Problem","OK") -> OK | K458: =PROPER(TRIM(G458)) -> Successful | L458: =PROPER(TRIM(E458)) -> Withdrawal | M458: =IF(OR(E458="Withdrawal",E458="Cash Deposit"),IF(F458>0,"OK","Problem"),IF(F458=0,"OK","Problem")) -> OK | N458: =IF(AND(C458>=DATE(2025,1,1),C458<=DATE(2026,6,30)),"OK","Problem") -> OK | O458: =_xlfn.XLOOKUP(B458,'01_Raw_ATMs'!A:A,'01_Raw_ATMs'!A:A,"Not Found") -> ATM083 | P458: =IF(B458="","Missing ATM_ID","Valid") -> Valid
A459: TXN000458 | B459: ATM099 | C459: 45667 | D459: 0.63103009 | E459: Withdrawal | F459: 500 | G459: Successful | I459: =COUNTIF($A:$A,A459) -> 1 | J459: =IF(AND(TRIM(G459)="Failed",H459=""),"Problem","OK") -> OK | K459: =PROPER(TRIM(G459)) -> Successful | L459: =PROPER(TRIM(E459)) -> Withdrawal | M459: =IF(OR(E459="Withdrawal",E459="Cash Deposit"),IF(F459>0,"OK","Problem"),IF(F459=0,"OK","Problem")) -> OK | N459: =IF(AND(C459>=DATE(2025,1,1),C459<=DATE(2026,6,30)),"OK","Problem") -> OK | O459: =_xlfn.XLOOKUP(B459,'01_Raw_ATMs'!A:A,'01_Raw_ATMs'!A:A,"Not Found") -> ATM099 | P459: =IF(B459="","Missing ATM_ID","Valid") -> Valid
A460: TXN000459 | B460: ATM078 | C460: 45970 | D460: 0.78172454 | E460: Withdrawal | F460: 4000 | G460: Successful | I460: =COUNTIF($A:$A,A460) -> 1 | J460: =IF(AND(TRIM(G460)="Failed",H460=""),"Problem","OK") -> OK | K460: =PROPER(TRIM(G460)) -> Successful | L460: =PROPER(TRIM(E460)) -> Withdrawal | M460: =IF(OR(E460="Withdrawal",E460="Cash Deposit"),IF(F460>0,"OK","Problem"),IF(F460=0,"OK","Problem")) -> OK | N460: =IF(AND(C460>=DATE(2025,1,1),C460<=DATE(2026,6,30)),"OK","Problem") -> OK | O460: =_xlfn.XLOOKUP(B460,'01_Raw_ATMs'!A:A,'01_Raw_ATMs'!A:A,"Not Found") -> ATM078 | P460: =IF(B460="","Missing ATM_ID","Valid") -> Valid
A461: TXN000460 | B461: ATM059 | C461: 45916 | D461: 0.38869213 | E461: Withdrawal | F461: 8000 | G461: Successful | I461: =COUNTIF($A:$A,A461) -> 1 | J461: =IF(AND(TRIM(G461)="Failed",H461=""),"Problem","OK") -> OK | K461: =PROPER(TRIM(G461)) -> Successful | L461: =PROPER(TRIM(E461)) -> Withdrawal | M461: =IF(OR(E461="Withdrawal",E461="Cash Deposit"),IF(F461>0,"OK","Problem"),IF(F461=0,"OK","Problem")) -> OK | N461: =IF(AND(C461>=DATE(2025,1,1),C461<=DATE(2026,6,30)),"OK","Problem") -> OK | O461: =_xlfn.XLOOKUP(B461,'01_Raw_ATMs'!A:A,'01_Raw_ATMs'!A:A,"Not Found") -> ATM059 | P461: =IF(B461="","Missing ATM_ID","Valid") -> Valid
A462: TXN000461 | B462: ATM014 | C462: 45665 | D462: 0.69644676 | E462: Balance Inquiry | F462: 0 | G462: Successful | I462: =COUNTIF($A:$A,A462) -> 1 | J462: =IF(AND(TRIM(G462)="Failed",H462=""),"Problem","OK") -> OK | K462: =PROPER(TRIM(G462)) -> Successful | L462: =PROPER(TRIM(E462)) -> Balance Inquiry | M462: =IF(OR(E462="Withdrawal",E462="Cash Deposit"),IF(F462>0,"OK","Problem"),IF(F462=0,"OK","Problem")) -> OK | N462: =IF(AND(C462>=DATE(2025,1,1),C462<=DATE(2026,6,30)),"OK","Problem") -> OK | O462: =_xlfn.XLOOKUP(B462,'01_Raw_ATMs'!A:A,'01_Raw_ATMs'!A:A,"Not Found") -> ATM014 | P462: =IF(B462="","Missing ATM_ID","Valid") -> Valid
A463: TXN000462 | B463: ATM077 | C463: 45947 | D463: 0.46284722 | E463: Withdrawal | F463: 2500 | G463: Successful | I463: =COUNTIF($A:$A,A463) -> 1 | J463: =IF(AND(TRIM(G463)="Failed",H463=""),"Problem","OK") -> OK | K463: =PROPER(TRIM(G463)) -> Successful | L463: =PROPER(TRIM(E463)) -> Withdrawal | M463: =IF(OR(E463="Withdrawal",E463="Cash Deposit"),IF(F463>0,"OK","Problem"),IF(F463=0,"OK","Problem")) -> OK | N463: =IF(AND(C463>=DATE(2025,1,1),C463<=DATE(2026,6,30)),"OK","Problem") -> OK | O463: =_xlfn.XLOOKUP(B463,'01_Raw_ATMs'!A:A,'01_Raw_ATMs'!A:A,"Not Found") -> ATM077 | P463: =IF(B463="","Missing ATM_ID","Valid") -> Valid
A464: TXN000463 | B464: ATM036 | C464: 45925 | D464: 0.79005787 | E464: Withdrawal | F464: 1500 | G464: Successful | I464: =COUNTIF($A:$A,A464) -> 1 | J464: =IF(AND(TRIM(G464)="Failed",H464=""),"Problem","OK") -> OK | K464: =PROPER(TRIM(G464)) -> Successful | L464: =PROPER(TRIM(E464)) -> Withdrawal | M464: =IF(OR(E464="Withdrawal",E464="Cash Deposit"),IF(F464>0,"OK","Problem"),IF(F464=0,"OK","Problem")) -> OK | N464: =IF(AND(C464>=DATE(2025,1,1),C464<=DATE(2026,6,30)),"OK","Problem") -> OK | O464: =_xlfn.XLOOKUP(B464,'01_Raw_ATMs'!A:A,'01_Raw_ATMs'!A:A,"Not Found") -> ATM036 | P464: =IF(B464="","Missing ATM_ID","Valid") -> Valid
... A886: TXN000885 | B886: ATM039 | C886: 45793 | D886: 0.84664352 | E886: Balance Inquiry | F886: 0 | G886: Successful | I886: =COUNTIF($A:$A,A886) -> 1 | J886: =IF(AND(TRIM(G886)="Failed",H886=""),"Problem","OK") -> OK | K886: =PROPER(TRIM(G886)) -> Successful | L886: =PROPER(TRIM(E886)) -> Balance Inquiry | M886: =IF(OR(E886="Withdrawal",E886="Cash Deposit"),IF(F886>0,"OK","Problem"),IF(F886=0,"OK","Problem")) -> OK | N886: =IF(AND(C886>=DATE(2025,1,1),C886<=DATE(2026,6,30)),"OK","Problem") -> OK | O886: =_xlfn.XLOOKUP(B886,'01_Raw_ATMs'!A:A,'01_Raw_ATMs'!A:A,"Not Found") -> ATM039 | P886: =IF(B886="","Missing ATM_ID","Valid") -> Valid
A887: TXN000886 | B887: ATM048 | C887: 45953 | D887: 0.79385417 | E887: Withdrawal | F887: 5000 | G887: Failed | H887: Timeout | I887: =COUNTIF($A:$A,A887) -> 1 | J887: =IF(AND(TRIM(G887)="Failed",H887=""),"Problem","OK") -> OK | K887: =PROPER(TRIM(G887)) -> Failed | L887: =PROPER(TRIM(E887)) -> Withdrawal | M887: =IF(OR(E887="Withdrawal",E887="Cash Deposit"),IF(F887>0,"OK","Problem"),IF(F887=0,"OK","Problem")) -> OK | N887: =IF(AND(C887>=DATE(2025,1,1),C887<=DATE(2026,6,30)),"OK","Problem") -> OK | O887: =_xlfn.XLOOKUP(B887,'01_Raw_ATMs'!A:A,'01_Raw_ATMs'!A:A,"Not Found") -> ATM048 | P887: =IF(B887="","Missing ATM_ID","Valid") -> Valid
A888: TXN000887 | B888: ATM021 | C888: 45950 | D888: 0.34158565 | E888: Withdrawal | F888: 10000 | G888: Successful | I888: =COUNTIF($A:$A,A888) -> 1 | J888: =IF(AND(TRIM(G888)="Failed",H888=""),"Problem","OK") -> OK | K888: =PROPER(TRIM(G888)) -> Successful | L888: =PROPER(TRIM(E888)) -> Withdrawal | M888: =IF(OR(E888="Withdrawal",E888="Cash Deposit"),IF(F888>0,"OK","Problem"),IF(F888=0,"OK","Problem")) -> OK | N888: =IF(AND(C888>=DATE(2025,1,1),C888<=DATE(2026,6,30)),"OK","Problem") -> OK | O888: =_xlfn.XLOOKUP(B888,'01_Raw_ATMs'!A:A,'01_Raw_ATMs'!A:A,"Not Found") -> ATM021 | P888: =IF(B888="","Missing ATM_ID","Valid") -> Valid
A889: TXN000888 | B889: ATM021 | C889: 45901 | D889: 0.30597222 | E889: Withdrawal | F889: 2500 | G889: Successful | I889: =COUNTIF($A:$A,A889) -> 1 | J889: =IF(AND(TRIM(G889)="Failed",H889=""),"Problem","OK") -> OK | K889: =PROPER(TRIM(G889)) -> Successful | L889: =PROPER(TRIM(E889)) -> Withdrawal | M889: =IF(OR(E889="Withdrawal",E889="Cash Deposit"),IF(F889>0,"OK","Problem"),IF(F889=0,"OK","Problem")) -> OK | N889: =IF(AND(C889>=DATE(2025,1,1),C889<=DATE(2026,6,30)),"OK","Problem") -> OK | O889: =_xlfn.XLOOKUP(B889,'01_Raw_ATMs'!A:A,'01_Raw_ATMs'!A:A,"Not Found") -> ATM021 | P889: =IF(B889="","Missing ATM_ID","Valid") -> Valid
A890: TXN000889 | B890: ATM027 | C890: 45693 | D890: 0.76538194 | E890: Withdrawal | F890: 6000 | G890: Failed | H890: Timeout | I890: =COUNTIF($A:$A,A890) -> 1 | J890: =IF(AND(TRIM(G890)="Failed",H890=""),"Problem","OK") -> OK | K890: =PROPER(TRIM(G890)) -> Failed | L890: =PROPER(TRIM(E890)) -> Withdrawal | M890: =IF(OR(E890="Withdrawal",E890="Cash Deposit"),IF(F890>0,"OK","Problem"),IF(F890=0,"OK","Problem")) -> OK | N890: =IF(AND(C890>=DATE(2025,1,1),C890<=DATE(2026,6,30)),"OK","Problem") -> OK | O890: =_xlfn.XLOOKUP(B890,'01_Raw_ATMs'!A:A,'01_Raw_ATMs'!A:A,"Not Found") -> ATM027 | P890: =IF(B890="","Missing ATM_ID","Valid") -> Valid
A891: TXN000890 | B891: ATM039 | C891: 45782 | D891: 0.89304398 | E891: Withdrawal | F891: 1500 | G891: Failed | H891: Network Error | I891: =COUNTIF($A:$A,A891) -> 1 | J891: =IF(AND(TRIM(G891)="Failed",H891=""),"Problem","OK") -> OK | K891: =PROPER(TRIM(G891)) -> Failed | L891: =PROPER(TRIM(E891)) -> Withdrawal | M891: =IF(OR(E891="Withdrawal",E891="Cash Deposit"),IF(F891>0,"OK","Problem"),IF(F891=0,"OK","Problem")) -> OK | N891: =IF(AND(C891>=DATE(2025,1,1),C891<=DATE(2026,6,30)),"OK","Problem") -> OK | O891: =_xlfn.XLOOKUP(B891,'01_Raw_ATMs'!A:A,'01_Raw_ATMs'!A:A,"Not Found") -> ATM039 | P891: =IF(B891="","Missing ATM_ID","Valid") -> Valid
A892: TXN000891 | B892: ATM020 | C892: 45662 | D892: 0.94064815 | E892: Withdrawal | F892: 2500 | G892: Successful | I892: =COUNTIF($A:$A,A892) -> 1 | J892: =IF(AND(TRIM(G892)="Failed",H892=""),"Problem","OK") -> OK | K892: =PROPER(TRIM(G892)) -> Successful | L892: =PROPER(TRIM(E892)) -> Withdrawal | M892: =IF(OR(E892="Withdrawal",E892="Cash Deposit"),IF(F892>0,"OK","Problem"),IF(F892=0,"OK","Problem")) -> OK | N892: =IF(AND(C892>=DATE(2025,1,1),C892<=DATE(2026,6,30)),"OK","Problem") -> OK | O892: =_xlfn.XLOOKUP(B892,'01_Raw_ATMs'!A:A,'01_Raw_ATMs'!A:A,"Not Found") -> ATM020 | P892: =IF(B892="","Missing ATM_ID","Valid") -> Valid
A893: TXN000892 | B893: ATM038 | C893: 45808 | D893: 0.82428241 | E893: Mini Statement | F893: 0 | G893: Successful | I893: =COUNTIF($A:$A,A893) -> 1 | J893: =IF(AND(TRIM(G893)="Failed",H893=""),"Problem","OK") -> OK | K893: =PROPER(TRIM(G893)) -> Successful | L893: =PROPER(TRIM(E893)) -> Mini Statement | M893: =IF(OR(E893="Withdrawal",E893="Cash Deposit"),IF(F893>0,"OK","Problem"),IF(F893=0,"OK","Problem")) -> OK | N893: =IF(AND(C893>=DATE(2025,1,1),C893<=DATE(2026,6,30)),"OK","Problem") -> OK | O893: =_xlfn.XLOOKUP(B893,'01_Raw_ATMs'!A:A,'01_Raw_ATMs'!A:A,"Not Found") -> ATM038 | P893: =IF(B893="","Missing ATM_ID","Valid") -> Valid
A894: TXN000893 | B894: ATM015 | C894: 46148 | D894: 0.83938657 | E894: Withdrawal | F894: 2500 | G894: Successful | I894: =COUNTIF($A:$A,A894) -> 1 | J894: =IF(AND(TRIM(G894)="Failed",H894=""),"Problem","OK") -> OK | K894: =PROPER(TRIM(G894)) -> Successful | L894: =PROPER(TRIM(E894)) -> Withdrawal | M894: =IF(OR(E894="Withdrawal",E894="Cash Deposit"),IF(F894>0,"OK","Problem"),IF(F894=0,"OK","Problem")) -> OK | N894: =IF(AND(C894>=DATE(2025,1,1),C894<=DATE(2026,6,30)),"OK","Problem") -> OK | O894: =_xlfn.XLOOKUP(B894,'01_Raw_ATMs'!A:A,'01_Raw_ATMs'!A:A,"Not Found") -> ATM015 | P894: =IF(B894="","Missing ATM_ID","Valid") -> Valid
A895: TXN000894 | B895: ATM080 | C895: 45883 | D895: 0.6287037 | E895: Withdrawal | F895: 10000 | G895: Successful | I895: =COUNTIF($A:$A,A895) -> 1 | J895: =IF(AND(TRIM(G895)="Failed",H895=""),"Problem","OK") -> OK | K895: =PROPER(TRIM(G895)) -> Successful | L895: =PROPER(TRIM(E895)) -> Withdrawal | M895: =IF(OR(E895="Withdrawal",E895="Cash Deposit"),IF(F895>0,"OK","Problem"),IF(F895=0,"OK","Problem")) -> OK | N895: =IF(AND(C895>=DATE(2025,1,1),C895<=DATE(2026,6,30)),"OK","Problem") -> OK | O895: =_xlfn.XLOOKUP(B895,'01_Raw_ATMs'!A:A,'01_Raw_ATMs'!A:A,"Not Found") -> ATM080 | P895: =IF(B895="","Missing ATM_ID","Valid") -> Valid
A896: TXN000895 | B896: ATM068 | C896: 45885 | D896: 0.8258912 | E896: Withdrawal | F896: 1000 | G896: Successful | I896: =COUNTIF($A:$A,A896) -> 1 | J896: =IF(AND(TRIM(G896)="Failed",H896=""),"Problem","OK") -> OK | K896: =PROPER(TRIM(G896)) -> Successful | L896: =PROPER(TRIM(E896)) -> Withdrawal | M896: =IF(OR(E896="Withdrawal",E896="Cash Deposit"),IF(F896>0,"OK","Problem"),IF(F896=0,"OK","Problem")) -> OK | N896: =IF(AND(C896>=DATE(2025,1,1),C896<=DATE(2026,6,30)),"OK","Problem") -> OK | O896: =_xlfn.XLOOKUP(B896,'01_Raw_ATMs'!A:A,'01_Raw_ATMs'!A:A,"Not Found") -> ATM068 | P896: =IF(B896="","Missing ATM_ID","Valid") -> Valid
A897: TXN000896 | B897: ATM058 | C897: 45747 | D897: 0.93416667 | E897: Withdrawal | F897: 8000 | G897: Successful | I897: =COUNTIF($A:$A,A897) -> 1 | J897: =IF(AND(TRIM(G897)="Failed",H897=""),"Problem","OK") -> OK | K897: =PROPER(TRIM(G897)) -> Successful | L897: =PROPER(TRIM(E897)) -> Withdrawal | M897: =IF(OR(E897="Withdrawal",E897="Cash Deposit"),IF(F897>0,"OK","Problem"),IF(F897=0,"OK","Problem")) -> OK | N897: =IF(AND(C897>=DATE(2025,1,1),C897<=DATE(2026,6,30)),"OK","Problem") -> OK | O897: =_xlfn.XLOOKUP(B897,'01_Raw_ATMs'!A:A,'01_Raw_ATMs'!A:A,"Not Found") -> ATM058 | P897: =IF(B897="","Missing ATM_ID","Valid") -> Valid
A898: TXN000897 | B898: ATM008 | C898: 46027 | D898: 0.57354167 | E898: Withdrawal | F898: 4000 | G898: Successful | I898: =COUNTIF($A:$A,A898) -> 1 | J898: =IF(AND(TRIM(G898)="Failed",H898=""),"Problem","OK") -> OK | K898: =PROPER(TRIM(G898)) -> Successful | L898: =PROPER(TRIM(E898)) -> Withdrawal | M898: =IF(OR(E898="Withdrawal",E898="Cash Deposit"),IF(F898>0,"OK","Problem"),IF(F898=0,"OK","Problem")) -> OK | N898: =IF(AND(C898>=DATE(2025,1,1),C898<=DATE(2026,6,30)),"OK","Problem") -> OK | O898: =_xlfn.XLOOKUP(B898,'01_Raw_ATMs'!A:A,'01_Raw_ATMs'!A:A,"Not Found") -> ATM008 | P898: =IF(B898="","Missing ATM_ID","Valid") -> Valid
A899: TXN000898 | B899: ATM037 | C899: 46011 | D899: 0.52008102 | E899: Withdrawal | F899: 2000 | G899: Successful | I899: =COUNTIF($A:$A,A899) -> 1 | J899: =IF(AND(TRIM(G899)="Failed",H899=""),"Problem","OK") -> OK | K899: =PROPER(TRIM(G899)) -> Successful | L899: =PROPER(TRIM(E899)) -> Withdrawal | M899: =IF(OR(E899="Withdrawal",E899="Cash Deposit"),IF(F899>0,"OK","Problem"),IF(F899=0,"OK","Problem")) -> OK | N899: =IF(AND(C899>=DATE(2025,1,1),C899<=DATE(2026,6,30)),"OK","Problem") -> OK | O899: =_xlfn.XLOOKUP(B899,'01_Raw_ATMs'!A:A,'01_Raw_ATMs'!A:A,"Not Found") -> ATM037 | P899: =IF(B899="","Missing ATM_ID","Valid") -> Valid
A900: TXN000899 | B900: ATM057 | C900: 46083 | D900: 0.80428241 | E900: Balance Inquiry | F900: 0 | G900: Failed | H900: Card Error | I900: =COUNTIF($A:$A,A900) -> 1 | J900: =IF(AND(TRIM(G900)="Failed",H900=""),"Problem","OK") -> OK | K900: =PROPER(TRIM(G900)) -> Failed | L900: =PROPER(TRIM(E900)) -> Balance Inquiry | M900: =IF(OR(E900="Withdrawal",E900="Cash Deposit"),IF(F900>0,"OK","Problem"),IF(F900=0,"OK","Problem")) -> OK | N900: =IF(AND(C900>=DATE(2025,1,1),C900<=DATE(2026,6,30)),"OK","Problem") -> OK | O900: =_xlfn.XLOOKUP(B900,'01_Raw_ATMs'!A:A,'01_Raw_ATMs'!A:A,"Not Found") -> ATM057 | P900: =IF(B900="","Missing ATM_ID","Valid") -> Valid
A901: TXN000900 | B901: ATM094 | C901: 46082 | D901: 0.31780093 | E901: Withdrawal | F901: 2000 | G901: Successful | I901: =COUNTIF($A:$A,A901) -> 1 | J901: =IF(AND(TRIM(G901)="Failed",H901=""),"Problem","OK") -> OK | K901: =PROPER(TRIM(G901)) -> Successful | L901: =PROPER(TRIM(E901)) -> Withdrawal | M901: =IF(OR(E901="Withdrawal",E901="Cash Deposit"),IF(F901>0,"OK","Problem"),IF(F901=0,"OK","Problem")) -> OK | N901: =IF(AND(C901>=DATE(2025,1,1),C901<=DATE(2026,6,30)),"OK","Problem") -> OK | O901: =_xlfn.XLOOKUP(B901,'01_Raw_ATMs'!A:A,'01_Raw_ATMs'!A:A,"Not Found") -> ATM094 | P901: =IF(B901="","Missing ATM_ID","Valid") -> Valid
A902: TXN000901 | B902: ATM068 | C902: 46001 | D902: 0.23458333 | E902: Withdrawal | F902: 25000 | G902: Successful | I902: =COUNTIF($A:$A,A902) -> 1 | J902: =IF(AND(TRIM(G902)="Failed",H902=""),"Problem","OK") -> OK | K902: =PROPER(TRIM(G902)) -> Successful | L902: =PROPER(TRIM(E902)) -> Withdrawal | M902: =IF(OR(E902="Withdrawal",E902="Cash Deposit"),IF(F902>0,"OK","Problem"),IF(F902=0,"OK","Problem")) -> OK | N902: =IF(AND(C902>=DATE(2025,1,1),C902<=DATE(2026,6,30)),"OK","Problem") -> OK | O902: =_xlfn.XLOOKUP(B902,'01_Raw_ATMs'!A:A,'01_Raw_ATMs'!A:A,"Not Found") -> ATM068 | P902: =IF(B902="","Missing ATM_ID","Valid") -> Valid
A903: TXN000902 | B903: ATM035 | C903: 46082 | D903: 0.35399306 | E903: Withdrawal | F903: 1500 | G903: Successful | I903: =COUNTIF($A:$A,A903) -> 1 | J903: =IF(AND(TRIM(G903)="Failed",H903=""),"Problem","OK") -> OK | K903: =PROPER(TRIM(G903)) -> Successful | L903: =PROPER(TRIM(E903)) -> Withdrawal | M903: =IF(OR(E903="Withdrawal",E903="Cash Deposit"),IF(F903>0,"OK","Problem"),IF(F903=0,"OK","Problem")) -> OK | N903: =IF(AND(C903>=DATE(2025,1,1),C903<=DATE(2026,6,30)),"OK","Problem") -> OK | O903: =_xlfn.XLOOKUP(B903,'01_Raw_ATMs'!A:A,'01_Raw_ATMs'!A:A,"Not Found") -> ATM035 | P903: =IF(B903="","Missing ATM_ID","Valid") -> Valid
A904: TXN000903 | B904: ATM049 | C904: 45954 | D904: 0.66865741 | E904: Balance Inquiry | F904: 0 | G904: Successful | I904: =COUNTIF($A:$A,A904) -> 1 | J904: =IF(AND(TRIM(G904)="Failed",H904=""),"Problem","OK") -> OK | K904: =PROPER(TRIM(G904)) -> Successful | L904: =PROPER(TRIM(E904)) -> Balance Inquiry | M904: =IF(OR(E904="Withdrawal",E904="Cash Deposit"),IF(F904>0,"OK","Problem"),IF(F904=0,"OK","Problem")) -> OK | N904: =IF(AND(C904>=DATE(2025,1,1),C904<=DATE(2026,6,30)),"OK","Problem") -> OK | O904: =_xlfn.XLOOKUP(B904,'01_Raw_ATMs'!A:A,'01_Raw_ATMs'!A:A,"Not Found") -> ATM049 | P904: =IF(B904="","Missing ATM_ID","Valid") -> Valid
A905: TXN000904 | B905: ATM039 | C905: 46163 | D905: 0.68696759 | E905: Withdrawal | F905: 500 | G905: Successful | I905: =COUNTIF($A:$A,A905) -> 1 | J905: =IF(AND(TRIM(G905)="Failed",H905=""),"Problem","OK") -> OK | K905: =PROPER(TRIM(G905)) -> Successful | L905: =PROPER(TRIM(E905)) -> Withdrawal | M905: =IF(OR(E905="Withdrawal",E905="Cash Deposit"),IF(F905>0,"OK","Problem"),IF(F905=0,"OK","Problem")) -> OK | N905: =IF(AND(C905>=DATE(2025,1,1),C905<=DATE(2026,6,30)),"OK","Problem") -> OK | O905: =_xlfn.XLOOKUP(B905,'01_Raw_ATMs'!A:A,'01_Raw_ATMs'!A:A,"Not Found") -> ATM039 | P905: =IF(B905="","Missing ATM_ID","Valid") -> Valid
A906: TXN000905 | B906: ATM039 | C906: 46141 | D906: 0.32149306 | E906: Withdrawal | F906: 1500 | G906: Successful | I906: =COUNTIF($A:$A,A906) -> 1 | J906: =IF(AND(TRIM(G906)="Failed",H906=""),"Problem","OK") -> OK | K906: =PROPER(TRIM(G906)) -> Successful | L906: =PROPER(TRIM(E906)) -> Withdrawal | M906: =IF(OR(E906="Withdrawal",E906="Cash Deposit"),IF(F906>0,"OK","Problem"),IF(F906=0,"OK","Problem")) -> OK | N906: =IF(AND(C906>=DATE(2025,1,1),C906<=DATE(2026,6,30)),"OK","Problem") -> OK | O906: =_xlfn.XLOOKUP(B906,'01_Raw_ATMs'!A:A,'01_Raw_ATMs'!A:A,"Not Found") -> ATM039 | P906: =IF(B906="","Missing ATM_ID","Valid") -> Valid
A907: TXN000906 | B907: ATM089 | C907: 45908 | D907: 0.11686343 | E907: Withdrawal | F907: 1000 | G907: Successful | I907: =COUNTIF($A:$A,A907) -> 1 | J907: =IF(AND(TRIM(G907)="Failed",H907=""),"Problem","OK") -> OK | K907: =PROPER(TRIM(G907)) -> Successful | L907: =PROPER(TRIM(E907)) -> Withdrawal | M907: =IF(OR(E907="Withdrawal",E907="Cash Deposit"),IF(F907>0,"OK","Problem"),IF(F907=0,"OK","Problem")) -> OK | N907: =IF(AND(C907>=DATE(2025,1,1),C907<=DATE(2026,6,30)),"OK","Problem") -> OK | O907: =_xlfn.XLOOKUP(B907,'01_Raw_ATMs'!A:A,'01_Raw_ATMs'!A:A,"Not Found") -> ATM089 | P907: =IF(B907="","Missing ATM_ID","Valid") -> Valid
A908: TXN000907 | B908: ATM047 | C908: 46150 | D908: 0.7050463 | E908: Withdrawal | F908: 5000 | G908: Failed | H908: Insufficient Cash | I908: =COUNTIF($A:$A,A908) -> 1 | J908: =IF(AND(TRIM(G908)="Failed",H908=""),"Problem","OK") -> OK | K908: =PROPER(TRIM(G908)) -> Failed | L908: =PROPER(TRIM(E908)) -> Withdrawal | M908: =IF(OR(E908="Withdrawal",E908="Cash Deposit"),IF(F908>0,"OK","Problem"),IF(F908=0,"OK","Problem")) -> OK | N908: =IF(AND(C908>=DATE(2025,1,1),C908<=DATE(2026,6,30)),"OK","Problem") -> OK | O908: =_xlfn.XLOOKUP(B908,'01_Raw_ATMs'!A:A,'01_Raw_ATMs'!A:A,"Not Found") -> ATM047 | P908: =IF(B908="","Missing ATM_ID","Valid") -> Valid
A909: TXN000908 | B909: ATM048 | C909: 46182 | D909: 0.75131944 | E909: Withdrawal | F909: 8000 | G909: Successful | I909: =COUNTIF($A:$A,A909) -> 1 | J909: =IF(AND(TRIM(G909)="Failed",H909=""),"Problem","OK") -> OK | K909: =PROPER(TRIM(G909)) -> Successful | L909: =PROPER(TRIM(E909)) -> Withdrawal | M909: =IF(OR(E909="Withdrawal",E909="Cash Deposit"),IF(F909>0,"OK","Problem"),IF(F909=0,"OK","Problem")) -> OK | N909: =IF(AND(C909>=DATE(2025,1,1),C909<=DATE(2026,6,30)),"OK","Problem") -> OK | O909: =_xlfn.XLOOKUP(B909,'01_Raw_ATMs'!A:A,'01_Raw_ATMs'!A:A,"Not Found") -> ATM048 | P909: =IF(B909="","Missing ATM_ID","Valid") -> Valid
A910: TXN000909 | B910: ATM041 | C910: 46130 | D910: 0.83914352 | E910: Withdrawal | F910: 2500 | G910: Successful | I910: =COUNTIF($A:$A,A910) -> 1 | J910: =IF(AND(TRIM(G910)="Failed",H910=""),"Problem","OK") -> OK | K910: =PROPER(TRIM(G910)) -> Successful | L910: =PROPER(TRIM(E910)) -> Withdrawal | M910: =IF(OR(E910="Withdrawal",E910="Cash Deposit"),IF(F910>0,"OK","Problem"),IF(F910=0,"OK","Problem")) -> OK | N910: =IF(AND(C910>=DATE(2025,1,1),C910<=DATE(2026,6,30)),"OK","Problem") -> OK | O910: =_xlfn.XLOOKUP(B910,'01_Raw_ATMs'!A:A,'01_Raw_ATMs'!A:A,"Not Found") -> ATM041 | P910: =IF(B910="","Missing ATM_ID","Valid") -> Valid
A911: TXN000910 | B911: ATM082 | C911: 46022 | D911: 0.17954861 | E911: Withdrawal | F911: 1000 | G911: Successful | I911: =COUNTIF($A:$A,A911) -> 1 | J911: =IF(AND(TRIM(G911)="Failed",H911=""),"Problem","OK") -> OK | K911: =PROPER(TRIM(G911)) -> Successful | L911: =PROPER(TRIM(E911)) -> Withdrawal | M911: =IF(OR(E911="Withdrawal",E911="Cash Deposit"),IF(F911>0,"OK","Problem"),IF(F911=0,"OK","Problem")) -> OK | N911: =IF(AND(C911>=DATE(2025,1,1),C911<=DATE(2026,6,30)),"OK","Problem") -> OK | O911: =_xlfn.XLOOKUP(B911,'01_Raw_ATMs'!A:A,'01_Raw_ATMs'!A:A,"Not Found") -> ATM082 | P911: =IF(B911="","Missing ATM_ID","Valid") -> Valid
A912: TXN000911 | B912: ATM099 | C912: 45845 | D912: 0.81861111 | E912: Withdrawal | F912: 3000 | G912: Successful | I912: =COUNTIF($A:$A,A912) -> 1 | J912: =IF(AND(TRIM(G912)="Failed",H912=""),"Problem","OK") -> OK | K912: =PROPER(TRIM(G912)) -> Successful | L912: =PROPER(TRIM(E912)) -> Withdrawal | M912: =IF(OR(E912="Withdrawal",E912="Cash Deposit"),IF(F912>0,"OK","Problem"),IF(F912=0,"OK","Problem")) -> OK | N912: =IF(AND(C912>=DATE(2025,1,1),C912<=DATE(2026,6,30)),"OK","Problem") -> OK | O912: =_xlfn.XLOOKUP(B912,'01_Raw_ATMs'!A:A,'01_Raw_ATMs'!A:A,"Not Found") -> ATM099 | P912: =IF(B912="","Missing ATM_ID","Valid") -> Valid
A913: TXN000912 | B913: ATM088 | C913: 45966 | D913: 0.44773148 | E913: Withdrawal | F913: 6000 | G913: Successful | I913: =COUNTIF($A:$A,A913) -> 1 | J913: =IF(AND(TRIM(G913)="Failed",H913=""),"Problem","OK") -> OK | K913: =PROPER(TRIM(G913)) -> Successful | L913: =PROPER(TRIM(E913)) -> Withdrawal | M913: =IF(OR(E913="Withdrawal",E913="Cash Deposit"),IF(F913>0,"OK","Problem"),IF(F913=0,"OK","Problem")) -> OK | N913: =IF(AND(C913>=DATE(2025,1,1),C913<=DATE(2026,6,30)),"OK","Problem") -> OK | O913: =_xlfn.XLOOKUP(B913,'01_Raw_ATMs'!A:A,'01_Raw_ATMs'!A:A,"Not Found") -> ATM088 | P913: =IF(B913="","Missing ATM_ID","Valid") -> Valid
A914: TXN000913 | B914: ATM019 | C914: 45671 | D914: 0.30443287 | E914: Balance Inquiry | F914: 0 | G914: Successful | I914: =COUNTIF($A:$A,A914) -> 1 | J914: =IF(AND(TRIM(G914)="Failed",H914=""),"Problem","OK") -> OK | K914: =PROPER(TRIM(G914)) -> Successful | L914: =PROPER(TRIM(E914)) -> Balance Inquiry | M914: =IF(OR(E914="Withdrawal",E914="Cash Deposit"),IF(F914>0,"OK","Problem"),IF(F914=0,"OK","Problem")) -> OK | N914: =IF(AND(C914>=DATE(2025,1,1),C914<=DATE(2026,6,30)),"OK","Problem") -> OK | O914: =_xlfn.XLOOKUP(B914,'01_Raw_ATMs'!A:A,'01_Raw_ATMs'!A:A,"Not Found") -> ATM019 | P914: =IF(B914="","Missing ATM_ID","Valid") -> Valid
A915: TXN000914 | B915: ATM021 | C915: 45762 | D915: 0.39738426 | E915: Balance Inquiry | F915: 0 | G915: Successful | I915: =COUNTIF($A:$A,A915) -> 1 | J915: =IF(AND(TRIM(G915)="Failed",H915=""),"Problem","OK") -> OK | K915: =PROPER(TRIM(G915)) -> Successful | L915: =PROPER(TRIM(E915)) -> Balance Inquiry | M915: =IF(OR(E915="Withdrawal",E915="Cash Deposit"),IF(F915>0,"OK","Problem"),IF(F915=0,"OK","Problem")) -> OK | N915: =IF(AND(C915>=DATE(2025,1,1),C915<=DATE(2026,6,30)),"OK","Problem") -> OK | O915: =_xlfn.XLOOKUP(B915,'01_Raw_ATMs'!A:A,'01_Raw_ATMs'!A:A,"Not Found") -> ATM021 | P915: =IF(B915="","Missing ATM_ID","Valid") -> Valid
A916: TXN000915 | B916: ATM072 | C916: 46196 | D916: 0.86498843 | E916: Withdrawal | F916: 1000 | G916: Successful | I916: =COUNTIF($A:$A,A916) -> 1 | J916: =IF(AND(TRIM(G916)="Failed",H916=""),"Problem","OK") -> OK | K916: =PROPER(TRIM(G916)) -> Successful | L916: =PROPER(TRIM(E916)) -> Withdrawal | M916: =IF(OR(E916="Withdrawal",E916="Cash Deposit"),IF(F916>0,"OK","Problem"),IF(F916=0,"OK","Problem")) -> OK | N916: =IF(AND(C916>=DATE(2025,1,1),C916<=DATE(2026,6,30)),"OK","Problem") -> OK | O916: =_xlfn.XLOOKUP(B916,'01_Raw_ATMs'!A:A,'01_Raw_ATMs'!A:A,"Not Found") -> ATM072 | P916: =IF(B916="","Missing ATM_ID","Valid") -> Valid
A917: TXN000916 | B917: ATM010 | C917: 45777 | D917: 0.83265046 | E917: Withdrawal | F917: 2500 | G917: Successful | I917: =COUNTIF($A:$A,A917) -> 1 | J917: =IF(AND(TRIM(G917)="Failed",H917=""),"Problem","OK") -> OK | K917: =PROPER(TRIM(G917)) -> Successful | L917: =PROPER(TRIM(E917)) -> Withdrawal | M917: =IF(OR(E917="Withdrawal",E917="Cash Deposit"),IF(F917>0,"OK","Problem"),IF(F917=0,"OK","Problem")) -> OK | N917: =IF(AND(C917>=DATE(2025,1,1),C917<=DATE(2026,6,30)),"OK","Problem") -> OK | O917: =_xlfn.XLOOKUP(B917,'01_Raw_ATMs'!A:A,'01_Raw_ATMs'!A:A,"Not Found") -> ATM010 | P917: =IF(B917="","Missing ATM_ID","Valid") -> Valid
A918: TXN000917 | B918: ATM018 | C918: 46110 | D918: 0.86010417 | E918: Balance Inquiry | F918: 0 | G918: Successful | I918: =COUNTIF($A:$A,A918) -> 1 | J918: =IF(AND(TRIM(G918)="Failed",H918=""),"Problem","OK") -> OK | K918: =PROPER(TRIM(G918)) -> Successful | L918: =PROPER(TRIM(E918)) -> Balance Inquiry | M918: =IF(OR(E918="Withdrawal",E918="Cash Deposit"),IF(F918>0,"OK","Problem"),IF(F918=0,"OK","Problem")) -> OK | N918: =IF(AND(C918>=DATE(2025,1,1),C918<=DATE(2026,6,30)),"OK","Problem") -> OK | O918: =_xlfn.XLOOKUP(B918,'01_Raw_ATMs'!A:A,'01_Raw_ATMs'!A:A,"Not Found") -> ATM018 | P918: =IF(B918="","Missing ATM_ID","Valid") -> Valid
A919: TXN000918 | B919: ATM091 | C919: 45969 | D919: 0.11952546 | E919: Withdrawal | F919: 1500 | G919: Successful | I919: =COUNTIF($A:$A,A919) -> 1 | J919: =IF(AND(TRIM(G919)="Failed",H919=""),"Problem","OK") -> OK | K919: =PROPER(TRIM(G919)) -> Successful | L919: =PROPER(TRIM(E919)) -> Withdrawal | M919: =IF(OR(E919="Withdrawal",E919="Cash Deposit"),IF(F919>0,"OK","Problem"),IF(F919=0,"OK","Problem")) -> OK | N919: =IF(AND(C919>=DATE(2025,1,1),C919<=DATE(2026,6,30)),"OK","Problem") -> OK | O919: =_xlfn.XLOOKUP(B919,'01_Raw_ATMs'!A:A,'01_Raw_ATMs'!A:A,"Not Found") -> ATM091 | P919: =IF(B919="","Missing ATM_ID","Valid") -> Valid
A920: TXN000919 | B920: ATM040 | C920: 45786 | D920: 0.37878472 | E920: Withdrawal | F920: 1000 | G920: Successful | I920: =COUNTIF($A:$A,A920) -> 1 | J920: =IF(AND(TRIM(G920)="Failed",H920=""),"Problem","OK") -> OK | K920: =PROPER(TRIM(G920)) -> Successful | L920: =PROPER(TRIM(E920)) -> Withdrawal | M920: =IF(OR(E920="Withdrawal",E920="Cash Deposit"),IF(F920>0,"OK","Problem"),IF(F920=0,"OK","Problem")) -> OK | N920: =IF(AND(C920>=DATE(2025,1,1),C920<=DATE(2026,6,30)),"OK","Problem") -> OK | O920: =_xlfn.XLOOKUP(B920,'01_Raw_ATMs'!A:A,'01_Raw_ATMs'!A:A,"Not Found") -> ATM040 | P920: =IF(B920="","Missing ATM_ID","Valid") -> Valid
... A923: TXN000922 | B923: ATM013 | C923: 45784 | D923: 0.88445602 | E923: Mini Statement | F923: 0 | G923: Successful | I923: =COUNTIF($A:$A,A923) -> 1 | J923: =IF(AND(TRIM(G923)="Failed",H923=""),"Problem","OK") -> OK | K923: =PROPER(TRIM(G923)) -> Successful | L923: =PROPER(TRIM(E923)) -> Mini Statement | M923: =IF(OR(E923="Withdrawal",E923="Cash Deposit"),IF(F923>0,"OK","Problem"),IF(F923=0,"OK","Problem")) -> OK | N923: =IF(AND(C923>=DATE(2025,1,1),C923<=DATE(2026,6,30)),"OK","Problem") -> OK | O923: =_xlfn.XLOOKUP(B923,'01_Raw_ATMs'!A:A,'01_Raw_ATMs'!A:A,"Not Found") -> ATM013 | P923: =IF(B923="","Missing ATM_ID","Valid") -> Valid
A924: TXN000923 | B924: ATM045 | C924: 45687 | D924: 0.28804398 | E924: Mini Statement | F924: 0 | G924: Failed | H924: Network Error | I924: =COUNTIF($A:$A,A924) -> 1 | J924: =IF(AND(TRIM(G924)="Failed",H924=""),"Problem","OK") -> OK | K924: =PROPER(TRIM(G924)) -> Failed | L924: =PROPER(TRIM(E924)) -> Mini Statement | M924: =IF(OR(E924="Withdrawal",E924="Cash Deposit"),IF(F924>0,"OK","Problem"),IF(F924=0,"OK","Problem")) -> OK | N924: =IF(AND(C924>=DATE(2025,1,1),C924<=DATE(2026,6,30)),"OK","Problem") -> OK | O924: =_xlfn.XLOOKUP(B924,'01_Raw_ATMs'!A:A,'01_Raw_ATMs'!A:A,"Not Found") -> ATM045 | P924: =IF(B924="","Missing ATM_ID","Valid") -> Valid
A925: TXN000924 | B925: ATM046 | C925: 45822 | D925: 0.86789352 | E925: Withdrawal | F925: 6000 | G925: Successful | I925: =COUNTIF($A:$A,A925) -> 1 | J925: =IF(AND(TRIM(G925)="Failed",H925=""),"Problem","OK") -> OK | K925: =PROPER(TRIM(G925)) -> Successful | L925: =PROPER(TRIM(E925)) -> Withdrawal | M925: =IF(OR(E925="Withdrawal",E925="Cash Deposit"),IF(F925>0,"OK","Problem"),IF(F925=0,"OK","Problem")) -> OK | N925: =IF(AND(C925>=DATE(2025,1,1),C925<=DATE(2026,6,30)),"OK","Problem") -> OK | O925: =_xlfn.XLOOKUP(B925,'01_Raw_ATMs'!A:A,'01_Raw_ATMs'!A:A,"Not Found") -> ATM046 | P925: =IF(B925="","Missing ATM_ID","Valid") -> Valid
A926: TXN000925 | B926: ATM013 | C926: 45672 | D926: 0.69805556 | E926: Cash Deposit | F926: 2000 | G926: Successful | I926: =COUNTIF($A:$A,A926) -> 1 | J926: =IF(AND(TRIM(G926)="Failed",H926=""),"Problem","OK") -> OK | K926: =PROPER(TRIM(G926)) -> Successful | L926: =PROPER(TRIM(E926)) -> Cash Deposit | M926: =IF(OR(E926="Withdrawal",E926="Cash Deposit"),IF(F926>0,"OK","Problem"),IF(F926=0,"OK","Problem")) -> OK | N926: =IF(AND(C926>=DATE(2025,1,1),C926<=DATE(2026,6,30)),"OK","Problem") -> OK | O926: =_xlfn.XLOOKUP(B926,'01_Raw_ATMs'!A:A,'01_Raw_ATMs'!A:A,"Not Found") -> ATM013 | P926: =IF(B926="","Missing ATM_ID","Valid") -> Valid
A927: TXN000926 | B927: ATM069 | C927: 45662 | D927: 0.9215162 | E927: Withdrawal | F927: 6000 | G927: Successful | I927: =COUNTIF($A:$A,A927) -> 1 | J927: =IF(AND(TRIM(G927)="Failed",H927=""),"Problem","OK") -> OK | K927: =PROPER(TRIM(G927)) -> Successful | L927: =PROPER(TRIM(E927)) -> Withdrawal | M927: =IF(OR(E927="Withdrawal",E927="Cash Deposit"),IF(F927>0,"OK","Problem"),IF(F927=0,"OK","Problem")) -> OK | N927: =IF(AND(C927>=DATE(2025,1,1),C927<=DATE(2026,6,30)),"OK","Problem") -> OK | O927: =_xlfn.XLOOKUP(B927,'01_Raw_ATMs'!A:A,'01_Raw_ATMs'!A:A,"Not Found") -> ATM069 | P927: =IF(B927="","Missing ATM_ID","Valid") -> Valid
A928: TXN000927 | B928: ATM061 | C928: 46033 | D928: 0.75796296 | E928: Withdrawal | F928: 1000 | G928: Successful | I928: =COUNTIF($A:$A,A928) -> 1 | J928: =IF(AND(TRIM(G928)="Failed",H928=""),"Problem","OK") -> OK | K928: =PROPER(TRIM(G928)) -> Successful | L928: =PROPER(TRIM(E928)) -> Withdrawal | M928: =IF(OR(E928="Withdrawal",E928="Cash Deposit"),IF(F928>0,"OK","Problem"),IF(F928=0,"OK","Problem")) -> OK | N928: =IF(AND(C928>=DATE(2025,1,1),C928<=DATE(2026,6,30)),"OK","Problem") -> OK | O928: =_xlfn.XLOOKUP(B928,'01_Raw_ATMs'!A:A,'01_Raw_ATMs'!A:A,"Not Found") -> ATM061 | P928: =IF(B928="","Missing ATM_ID","Valid") -> Valid
A929: TXN000928 | B929: ATM046 | C929: 46046 | D929: 0.60571759 | E929: Withdrawal | F929: 3000 | G929: Successful | I929: =COUNTIF($A:$A,A929) -> 1 | J929: =IF(AND(TRIM(G929)="Failed",H929=""),"Problem","OK") -> OK | K929: =PROPER(TRIM(G929)) -> Successful | L929: =PROPER(TRIM(E929)) -> Withdrawal | M929: =IF(OR(E929="Withdrawal",E929="Cash Deposit"),IF(F929>0,"OK","Problem"),IF(F929=0,"OK","Problem")) -> OK | N929: =IF(AND(C929>=DATE(2025,1,1),C929<=DATE(2026,6,30)),"OK","Problem") -> OK | O929: =_xlfn.XLOOKUP(B929,'01_Raw_ATMs'!A:A,'01_Raw_ATMs'!A:A,"Not Found") -> ATM046 | P929: =IF(B929="","Missing ATM_ID","Valid") -> Valid
A930: TXN000929 | B930: ATM015 | C930: 46190 | D930: 0.3252662 | E930: Withdrawal | F930: 6000 | G930: Successful | I930: =COUNTIF($A:$A,A930) -> 1 | J930: =IF(AND(TRIM(G930)="Failed",H930=""),"Problem","OK") -> OK | K930: =PROPER(TRIM(G930)) -> Successful | L930: =PROPER(TRIM(E930)) -> Withdrawal | M930: =IF(OR(E930="Withdrawal",E930="Cash Deposit"),IF(F930>0,"OK","Problem"),IF(F930=0,"OK","Problem")) -> OK | N930: =IF(AND(C930>=DATE(2025,1,1),C930<=DATE(2026,6,30)),"OK","Problem") -> OK | O930: =_xlfn.XLOOKUP(B930,'01_Raw_ATMs'!A:A,'01_Raw_ATMs'!A:A,"Not Found") -> ATM015 | P930: =IF(B930="","Missing ATM_ID","Valid") -> Valid
A931: TXN000930 | B931: ATM011 | C931: 45993 | D931: 0.641875 | E931: Withdrawal | F931: 2500 | G931: Successful | I931: =COUNTIF($A:$A,A931) -> 1 | J931: =IF(AND(TRIM(G931)="Failed",H931=""),"Problem","OK") -> OK | K931: =PROPER(TRIM(G931)) -> Successful | L931: =PROPER(TRIM(E931)) -> Withdrawal | M931: =IF(OR(E931="Withdrawal",E931="Cash Deposit"),IF(F931>0,"OK","Problem"),IF(F931=0,"OK","Problem")) -> OK | N931: =IF(AND(C931>=DATE(2025,1,1),C931<=DATE(2026,6,30)),"OK","Problem") -> OK | O931: =_xlfn.XLOOKUP(B931,'01_Raw_ATMs'!A:A,'01_Raw_ATMs'!A:A,"Not Found") -> ATM011 | P931: =IF(B931="","Missing ATM_ID","Valid") -> Valid
A932: TXN000931 | B932: ATM057 | C932: 45889 | D932: 0.67979167 | E932: Withdrawal | F932: 1000 | G932: Successful | I932: =COUNTIF($A:$A,A932) -> 1 | J932: =IF(AND(TRIM(G932)="Failed",H932=""),"Problem","OK") -> OK | K932: =PROPER(TRIM(G932)) -> Successful | L932: =PROPER(TRIM(E932)) -> Withdrawal | M932: =IF(OR(E932="Withdrawal",E932="Cash Deposit"),IF(F932>0,"OK","Problem"),IF(F932=0,"OK","Problem")) -> OK | N932: =IF(AND(C932>=DATE(2025,1,1),C932<=DATE(2026,6,30)),"OK","Problem") -> OK | O932: =_xlfn.XLOOKUP(B932,'01_Raw_ATMs'!A:A,'01_Raw_ATMs'!A:A,"Not Found") -> ATM057 | P932: =IF(B932="","Missing ATM_ID","Valid") -> Valid
A933: TXN000932 | B933: ATM061 | C933: 46034 | D933: 0.36355324 | E933: Withdrawal | F933: 4000 | G933: Successful | I933: =COUNTIF($A:$A,A933) -> 1 | J933: =IF(AND(TRIM(G933)="Failed",H933=""),"Problem","OK") -> OK | K933: =PROPER(TRIM(G933)) -> Successful | L933: =PROPER(TRIM(E933)) -> Withdrawal | M933: =IF(OR(E933="Withdrawal",E933="Cash Deposit"),IF(F933>0,"OK","Problem"),IF(F933=0,"OK","Problem")) -> OK | N933: =IF(AND(C933>=DATE(2025,1,1),C933<=DATE(2026,6,30)),"OK","Problem") -> OK | O933: =_xlfn.XLOOKUP(B933,'01_Raw_ATMs'!A:A,'01_Raw_ATMs'!A:A,"Not Found") -> ATM061 | P933: =IF(B933="","Missing ATM_ID","Valid") -> Valid
A934: TXN000933 | B934: ATM085 | C934: 45745 | D934: 0.30931713 | E934: Withdrawal | F934: 1000 | G934: Successful | I934: =COUNTIF($A:$A,A934) -> 1 | J934: =IF(AND(TRIM(G934)="Failed",H934=""),"Problem","OK") -> OK | K934: =PROPER(TRIM(G934)) -> Successful | L934: =PROPER(TRIM(E934)) -> Withdrawal | M934: =IF(OR(E934="Withdrawal",E934="Cash Deposit"),IF(F934>0,"OK","Problem"),IF(F934=0,"OK","Problem")) -> OK | N934: =IF(AND(C934>=DATE(2025,1,1),C934<=DATE(2026,6,30)),"OK","Problem") -> OK | O934: =_xlfn.XLOOKUP(B934,'01_Raw_ATMs'!A:A,'01_Raw_ATMs'!A:A,"Not Found") -> ATM085 | P934: =IF(B934="","Missing ATM_ID","Valid") -> Valid
A935: TXN000934 | B935: ATM022 | C935: 45724 | D935: 0.55024306 | E935: Withdrawal | F935: 4000 | G935: Successful | I935: =COUNTIF($A:$A,A935) -> 1 | J935: =IF(AND(TRIM(G935)="Failed",H935=""),"Problem","OK") -> OK | K935: =PROPER(TRIM(G935)) -> Successful | L935: =PROPER(TRIM(E935)) -> Withdrawal | M935: =IF(OR(E935="Withdrawal",E935="Cash Deposit"),IF(F935>0,"OK","Problem"),IF(F935=0,"OK","Problem")) -> OK | N935: =IF(AND(C935>=DATE(2025,1,1),C935<=DATE(2026,6,30)),"OK","Problem") -> OK | O935: =_xlfn.XLOOKUP(B935,'01_Raw_ATMs'!A:A,'01_Raw_ATMs'!A:A,"Not Found") -> ATM022 | P935: =IF(B935="","Missing ATM_ID","Valid") -> Valid
A936: TXN000935 | B936: ATM055 | C936: 46169 | D936: 0.4484838 | E936: Withdrawal | F936: 2500 | G936: Successful | I936: =COUNTIF($A:$A,A936) -> 1 | J936: =IF(AND(TRIM(G936)="Failed",H936=""),"Problem","OK") -> OK | K936: =PROPER(TRIM(G936)) -> Successful | L936: =PROPER(TRIM(E936)) -> Withdrawal | M936: =IF(OR(E936="Withdrawal",E936="Cash Deposit"),IF(F936>0,"OK","Problem"),IF(F936=0,"OK","Problem")) -> OK | N936: =IF(AND(C936>=DATE(2025,1,1),C936<=DATE(2026,6,30)),"OK","Problem") -> OK | O936: =_xlfn.XLOOKUP(B936,'01_Raw_ATMs'!A:A,'01_Raw_ATMs'!A:A,"Not Found") -> ATM055 | P936: =IF(B936="","Missing ATM_ID","Valid") -> Valid
A937: TXN000936 | B937: ATM083 | C937: 46067 | D937: 0.57127315 | E937: Cash Deposit | F937: 10000 | G937: Successful | I937: =COUNTIF($A:$A,A937) -> 1 | J937: =IF(AND(TRIM(G937)="Failed",H937=""),"Problem","OK") -> OK | K937: =PROPER(TRIM(G937)) -> Successful | L937: =PROPER(TRIM(E937)) -> Cash Deposit | M937: =IF(OR(E937="Withdrawal",E937="Cash Deposit"),IF(F937>0,"OK","Problem"),IF(F937=0,"OK","Problem")) -> OK | N937: =IF(AND(C937>=DATE(2025,1,1),C937<=DATE(2026,6,30)),"OK","Problem") -> OK | O937: =_xlfn.XLOOKUP(B937,'01_Raw_ATMs'!A:A,'01_Raw_ATMs'!A:A,"Not Found") -> ATM083 | P937: =IF(B937="","Missing ATM_ID","Valid") -> Valid
A938: TXN000937 | B938: ATM019 | C938: 46123 | D938: 0.30313657 | E938: Withdrawal | F938: 10000 | G938: Failed | H938: Insufficient Cash | I938: =COUNTIF($A:$A,A938) -> 1 | J938: =IF(AND(TRIM(G938)="Failed",H938=""),"Problem","OK") -> OK | K938: =PROPER(TRIM(G938)) -> Failed | L938: =PROPER(TRIM(E938)) -> Withdrawal | M938: =IF(OR(E938="Withdrawal",E938="Cash Deposit"),IF(F938>0,"OK","Problem"),IF(F938=0,"OK","Problem")) -> OK | N938: =IF(AND(C938>=DATE(2025,1,1),C938<=DATE(2026,6,30)),"OK","Problem") -> OK | O938: =_xlfn.XLOOKUP(B938,'01_Raw_ATMs'!A:A,'01_Raw_ATMs'!A:A,"Not Found") -> ATM019 | P938: =IF(B938="","Missing ATM_ID","Valid") -> Valid
A939: TXN000938 | B939: ATM013 | C939: 45712 | D939: 0.81369213 | E939: Withdrawal | F939: 1500 | G939: Successful | I939: =COUNTIF($A:$A,A939) -> 1 | J939: =IF(AND(TRIM(G939)="Failed",H939=""),"Problem","OK") -> OK | K939: =PROPER(TRIM(G939)) -> Successful | L939: =PROPER(TRIM(E939)) -> Withdrawal | M939: =IF(OR(E939="Withdrawal",E939="Cash Deposit"),IF(F939>0,"OK","Problem"),IF(F939=0,"OK","Problem")) -> OK | N939: =IF(AND(C939>=DATE(2025,1,1),C939<=DATE(2026,6,30)),"OK","Problem") -> OK | O939: =_xlfn.XLOOKUP(B939,'01_Raw_ATMs'!A:A,'01_Raw_ATMs'!A:A,"Not Found") -> ATM013 | P939: =IF(B939="","Missing ATM_ID","Valid") -> Valid
A940: TXN000939 | B940: ATM087 | C940: 45992 | D940: 0.36086806 | E940: Withdrawal | F940: 1000 | G940: Successful | I940: =COUNTIF($A:$A,A940) -> 1 | J940: =IF(AND(TRIM(G940)="Failed",H940=""),"Problem","OK") -> OK | K940: =PROPER(TRIM(G940)) -> Successful | L940: =PROPER(TRIM(E940)) -> Withdrawal | M940: =IF(OR(E940="Withdrawal",E940="Cash Deposit"),IF(F940>0,"OK","Problem"),IF(F940=0,"OK","Problem")) -> OK | N940: =IF(AND(C940>=DATE(2025,1,1),C940<=DATE(2026,6,30)),"OK","Problem") -> OK | O940: =_xlfn.XLOOKUP(B940,'01_Raw_ATMs'!A:A,'01_Raw_ATMs'!A:A,"Not Found") -> ATM087 | P940: =IF(B940="","Missing ATM_ID","Valid") -> Valid
A941: TXN000940 | B941: ATM067 | C941: 46162 | D941: 0.80020833 | E941: Withdrawal | F941: 5000 | G941: Successful | I941: =COUNTIF($A:$A,A941) -> 1 | J941: =IF(AND(TRIM(G941)="Failed",H941=""),"Problem","OK") -> OK | K941: =PROPER(TRIM(G941)) -> Successful | L941: =PROPER(TRIM(E941)) -> Withdrawal | M941: =IF(OR(E941="Withdrawal",E941="Cash Deposit"),IF(F941>0,"OK","Problem"),IF(F941=0,"OK","Problem")) -> OK | N941: =IF(AND(C941>=DATE(2025,1,1),C941<=DATE(2026,6,30)),"OK","Problem") -> OK | O941: =_xlfn.XLOOKUP(B941,'01_Raw_ATMs'!A:A,'01_Raw_ATMs'!A:A,"Not Found") -> ATM067 | P941: =IF(B941="","Missing ATM_ID","Valid") -> Valid
A942: TXN000941 | B942: ATM070 | C942: 46009 | D942: 0.8156713 | E942: Withdrawal | F942: 500 | G942: Failed | H942: Insufficient Cash | I942: =COUNTIF($A:$A,A942) -> 1 | J942: =IF(AND(TRIM(G942)="Failed",H942=""),"Problem","OK") -> OK | K942: =PROPER(TRIM(G942)) -> Failed | L942: =PROPER(TRIM(E942)) -> Withdrawal | M942: =IF(OR(E942="Withdrawal",E942="Cash Deposit"),IF(F942>0,"OK","Problem"),IF(F942=0,"OK","Problem")) -> OK | N942: =IF(AND(C942>=DATE(2025,1,1),C942<=DATE(2026,6,30)),"OK","Problem") -> OK | O942: =_xlfn.XLOOKUP(B942,'01_Raw_ATMs'!A:A,'01_Raw_ATMs'!A:A,"Not Found") -> ATM070 | P942: =IF(B942="","Missing ATM_ID","Valid") -> Valid
A943: TXN000942 | B943: ATM050 | C943: 46118 | D943: 0.51699074 | E943: Withdrawal | F943: 500 | G943: Successful | I943: =COUNTIF($A:$A,A943) -> 1 | J943: =IF(AND(TRIM(G943)="Failed",H943=""),"Problem","OK") -> OK | K943: =PROPER(TRIM(G943)) -> Successful | L943: =PROPER(TRIM(E943)) -> Withdrawal | M943: =IF(OR(E943="Withdrawal",E943="Cash Deposit"),IF(F943>0,"OK","Problem"),IF(F943=0,"OK","Problem")) -> OK | N943: =IF(AND(C943>=DATE(2025,1,1),C943<=DATE(2026,6,30)),"OK","Problem") -> OK | O943: =_xlfn.XLOOKUP(B943,'01_Raw_ATMs'!A:A,'01_Raw_ATMs'!A:A,"Not Found") -> ATM050 | P943: =IF(B943="","Missing ATM_ID","Valid") -> Valid
A944: TXN000943 | B944: ATM085 | C944: 45968 | D944: 0.84063657 | E944: Withdrawal | F944: 2500 | G944: Successful | I944: =COUNTIF($A:$A,A944) -> 1 | J944: =IF(AND(TRIM(G944)="Failed",H944=""),"Problem","OK") -> OK | K944: =PROPER(TRIM(G944)) -> Successful | L944: =PROPER(TRIM(E944)) -> Withdrawal | M944: =IF(OR(E944="Withdrawal",E944="Cash Deposit"),IF(F944>0,"OK","Problem"),IF(F944=0,"OK","Problem")) -> OK | N944: =IF(AND(C944>=DATE(2025,1,1),C944<=DATE(2026,6,30)),"OK","Problem") -> OK | O944: =_xlfn.XLOOKUP(B944,'01_Raw_ATMs'!A:A,'01_Raw_ATMs'!A:A,"Not Found") -> ATM085 | P944: =IF(B944="","Missing ATM_ID","Valid") -> Valid
A945: TXN000944 | B945: ATM063 | C945: 45770 | D945: 0.68868056 | E945: Withdrawal | F945: 6000 | G945: Successful | I945: =COUNTIF($A:$A,A945) -> 1 | J945: =IF(AND(TRIM(G945)="Failed",H945=""),"Problem","OK") -> OK | K945: =PROPER(TRIM(G945)) -> Successful | L945: =PROPER(TRIM(E945)) -> Withdrawal | M945: =IF(OR(E945="Withdrawal",E945="Cash Deposit"),IF(F945>0,"OK","Problem"),IF(F945=0,"OK","Problem")) -> OK | N945: =IF(AND(C945>=DATE(2025,1,1),C945<=DATE(2026,6,30)),"OK","Problem") -> OK | O945: =_xlfn.XLOOKUP(B945,'01_Raw_ATMs'!A:A,'01_Raw_ATMs'!A:A,"Not Found") -> ATM063 | P945: =IF(B945="","Missing ATM_ID","Valid") -> Valid
...

Sheet 05_Cleaned_Transactions
A1: Transaction_ID | B1: ATM_ID | C1: Transaction_Date | D1: Transaction_Time | E1: Clean_Transaction_Type | F1: Amount | G1: Clean_Status | H1: Failure_Reason
A2: TXN000001 | B2: ATM094 | C2: 45979 | D2: 0.60563657 | E2: Withdrawal | F2: 8000 | G2: Successful
A3: TXN000002 | B3: ATM006 | C3: 46104 | D3: 0.0415625 | E3: Withdrawal | F3: 10000 | G3: Successful
A4: TXN000003 | B4: ATM056 | C4: 45729 | D4: 0.9571875 | E4: Withdrawal | F4: 10000 | G4: Successful
A5: TXN000004 | B5: ATM093 | C5: 45965 | D5: 0.69613426 | E5: Withdrawal | F5: 2500 | G5: Successful
A6: TXN000005 | B6: ATM025 | C6: 46088 | D6: 0.76716435 | E6: Balance Inquiry | F6: 0 | G6: Successful
A7: TXN000006 | B7: ATM073 | C7: 45966 | D7: 0.62013889 | E7: Withdrawal | F7: 2000 | G7: Successful
A8: TXN000007 | B8: ATM075 | C8: 45987 | D8: 0.64494213 | E8: Withdrawal | F8: 5000 | G8: Successful
A9: TXN000008 | B9: ATM095 | C9: 45831 | D9: 0.76287037 | E9: Withdrawal | F9: 8000 | G9: Successful
A10: TXN000009 | B10: ATM097 | C10: 45898 | D10: 0.7603125 | E10: Withdrawal | F10: 500 | G10: Successful
A11: TXN000010 | B11: ATM061 | C11: 45732 | D11: 0.66435185 | E11: Withdrawal | F11: 4000 | G11: Successful
A12: TXN000011 | B12: ATM032 | C12: 45809 | D12: 0.75065972 | E12: Balance Inquiry | F12: 0 | G12: Successful
A13: TXN000012 | B13: ATM014 | C13: 46093 | D13: 0.41092593 | E13: Withdrawal | F13: 500 | G13: Successful
... A451: TXN000450 | B451: ATM098 | C451: 46186 | D451: 0.86947917 | E451: Withdrawal | F451: 1500 | G451: Successful
A452: TXN000451 | C452: 46176 | D452: 0.61798611 | E452: Withdrawal | F452: 8000 | G452: Successful
A453: TXN000452 | B453: ATM025 | C453: 45863 | D453: 0.80210648 | E453: Withdrawal | F453: 3000 | G453: Successful
A454: TXN000453 | B454: ATM036 | C454: 46035 | D454: 0.81417824 | E454: Withdrawal | F454: 1000 | G454: Successful
A455: TXN000454 | B455: ATM031 | C455: 46039 | D455: 0.64457176 | E455: Cash Deposit | F455: 10000 | G455: Successful
A456: TXN000455 | B456: ATM045 | C456: 46010 | D456: 0.37310185 | E456: Balance Inquiry | F456: 0 | G456: Successful
A457: TXN000456 | B457: ATM037 | C457: 45686 | D457: 0.54923611 | E457: Withdrawal | F457: 2000 | G457: Successful
A458: TXN000457 | B458: ATM083 | C458: 45888 | D458: 0.76228009 | E458: Withdrawal | F458: 500 | G458: Successful
A459: TXN000458 | B459: ATM099 | C459: 45667 | D459: 0.63103009 | E459: Withdrawal | F459: 500 | G459: Successful
A460: TXN000459 | B460: ATM078 | C460: 45970 | D460: 0.78172454 | E460: Withdrawal | F460: 4000 | G460: Successful
A461: TXN000460 | B461: ATM059 | C461: 45916 | D461: 0.38869213 | E461: Withdrawal | F461: 8000 | G461: Successful
A462: TXN000461 | B462: ATM014 | C462: 45665 | D462: 0.69644676 | E462: Balance Inquiry | F462: 0 | G462: Successful
A463: TXN000462 | B463: ATM077 | C463: 45947 | D463: 0.46284722 | E463: Withdrawal | F463: 2500 | G463: Successful
A464: TXN000463 | B464: ATM036 | C464: 45925 | D464: 0.79005787 | E464: Withdrawal | F464: 1500 | G464: Successful
... A886: TXN000885 | B886: ATM039 | C886: 45793 | D886: 0.84664352 | E886: Balance Inquiry | F886: 0 | G886: Successful
A887: TXN000886 | B887: ATM048 | C887: 45953 | D887: 0.79385417 | E887: Withdrawal | F887: 5000 | G887: Failed | H887: Timeout
A888: TXN000887 | B888: ATM021 | C888: 45950 | D888: 0.34158565 | E888: Withdrawal | F888: 10000 | G888: Successful
A889: TXN000888 | B889: ATM021 | C889: 45901 | D889: 0.30597222 | E889: Withdrawal | F889: 2500 | G889: Successful
A890: TXN000889 | B890: ATM027 | C890: 45693 | D890: 0.76538194 | E890: Withdrawal | F890: 6000 | G890: Failed | H890: Timeout
A891: TXN000890 | B891: ATM039 | C891: 45782 | D891: 0.89304398 | E891: Withdrawal | F891: 1500 | G891: Failed | H891: Network Error
A892: TXN000891 | B892: ATM020 | C892: 45662 | D892: 0.94064815 | E892: Withdrawal | F892: 2500 | G892: Successful
A893: TXN000892 | B893: ATM038 | C893: 45808 | D893: 0.82428241 | E893: Mini Statement | F893: 0 | G893: Successful
A894: TXN000893 | B894: ATM015 | C894: 46148 | D894: 0.83938657 | E894: Withdrawal | F894: 2500 | G894: Successful
A895: TXN000894 | B895: ATM080 | C895: 45883 | D895: 0.6287037 | E895: Withdrawal | F895: 10000 | G895: Successful
A896: TXN000895 | B896: ATM068 | C896: 45885 | D896: 0.8258912 | E896: Withdrawal | F896: 1000 | G896: Successful
A897: TXN000896 | B897: ATM058 | C897: 45747 | D897: 0.93416667 | E897: Withdrawal | F897: 8000 | G897: Successful
A898: TXN000897 | B898: ATM008 | C898: 46027 | D898: 0.57354167 | E898: Withdrawal | F898: 4000 | G898: Successful
A899: TXN000898 | B899: ATM037 | C899: 46011 | D899: 0.52008102 | E899: Withdrawal | F899: 2000 | G899: Successful
A900: TXN000899 | B900: ATM057 | C900: 46083 | D900: 0.80428241 | E900: Balance Inquiry | F900: 0 | G900: Failed | H900: Card Error
A901: TXN000900 | B901: ATM094 | C901: 46082 | D901: 0.31780093 | E901: Withdrawal | F901: 2000 | G901: Successful
A902: TXN000901 | B902: ATM068 | C902: 46001 | D902: 0.23458333 | E902: Withdrawal | F902: 25000 | G902: Successful
A903: TXN000902 | B903: ATM035 | C903: 46082 | D903: 0.35399306 | E903: Withdrawal | F903: 1500 | G903: Successful
A904: TXN000903 | B904: ATM049 | C904: 45954 | D904: 0.66865741 | E904: Balance Inquiry | F904: 0 | G904: Successful
A905: TXN000904 | B905: ATM039 | C905: 46163 | D905: 0.68696759 | E905: Withdrawal | F905: 500 | G905: Successful
A906: TXN000905 | B906: ATM039 | C906: 46141 | D906: 0.32149306 | E906: Withdrawal | F906: 1500 | G906: Successful
A907: TXN000906 | B907: ATM089 | C907: 45908 | D907: 0.11686343 | E907: Withdrawal | F907: 1000 | G907: Successful
A908: TXN000907 | B908: ATM047 | C908: 46150 | D908: 0.7050463 | E908: Withdrawal | F908: 5000 | G908: Failed | H908: Insufficient Cash
A909: TXN000908 | B909: ATM048 | C909: 46182 | D909: 0.75131944 | E909: Withdrawal | F909: 8000 | G909: Successful
A910: TXN000909 | B910: ATM041 | C910: 46130 | D910: 0.83914352 | E910: Withdrawal | F910: 2500 | G910: Successful
A911: TXN000910 | B911: ATM082 | C911: 46022 | D911: 0.17954861 | E911: Withdrawal | F911: 1000 | G911: Successful
A912: TXN000911 | B912: ATM099 | C912: 45845 | D912: 0.81861111 | E912: Withdrawal | F912: 3000 | G912: Successful
A913: TXN000912 | B913: ATM088 | C913: 45966 | D913: 0.44773148 | E913: Withdrawal | F913: 6000 | G913: Successful
A914: TXN000913 | B914: ATM019 | C914: 45671 | D914: 0.30443287 | E914: Balance Inquiry | F914: 0 | G914: Successful
A915: TXN000914 | B915: ATM021 | C915: 45762 | D915: 0.39738426 | E915: Balance Inquiry | F915: 0 | G915: Successful
A916: TXN000915 | B916: ATM072 | C916: 46196 | D916: 0.86498843 | E916: Withdrawal | F916: 1000 | G916: Successful
A917: TXN000916 | B917: ATM010 | C917: 45777 | D917: 0.83265046 | E917: Withdrawal | F917: 2500 | G917: Successful
A918: TXN000917 | B918: ATM018 | C918: 46110 | D918: 0.86010417 | E918: Balance Inquiry | F918: 0 | G918: Successful
A919: TXN000918 | B919: ATM091 | C919: 45969 | D919: 0.11952546 | E919: Withdrawal | F919: 1500 | G919: Successful
A920: TXN000919 | B920: ATM040 | C920: 45786 | D920: 0.37878472 | E920: Withdrawal | F920: 1000 | G920: Successful
... A923: TXN000922 | B923: ATM013 | C923: 45784 | D923: 0.88445602 | E923: Mini Statement | F923: 0 | G923: Successful
A924: TXN000923 | B924: ATM045 | C924: 45687 | D924: 0.28804398 | E924: Mini Statement | F924: 0 | G924: Failed | H924: Network Error
A925: TXN000924 | B925: ATM046 | C925: 45822 | D925: 0.86789352 | E925: Withdrawal | F925: 6000 | G925: Successful
A926: TXN000925 | B926: ATM013 | C926: 45672 | D926: 0.69805556 | E926: Cash Deposit | F926: 2000 | G926: Successful
A927: TXN000926 | B927: ATM069 | C927: 45662 | D927: 0.9215162 | E927: Withdrawal | F927: 6000 | G927: Successful
A928: TXN000927 | B928: ATM061 | C928: 46033 | D928: 0.75796296 | E928: Withdrawal | F928: 1000 | G928: Successful
A929: TXN000928 | B929: ATM046 | C929: 46046 | D929: 0.60571759 | E929: Withdrawal | F929: 3000 | G929: Successful
A930: TXN000929 | B930: ATM015 | C930: 46190 | D930: 0.3252662 | E930: Withdrawal | F930: 6000 | G930: Successful
A931: TXN000930 | B931: ATM011 | C931: 45993 | D931: 0.641875 | E931: Withdrawal | F931: 2500 | G931: Successful
A932: TXN000931 | B932: ATM057 | C932: 45889 | D932: 0.67979167 | E932: Withdrawal | F932: 1000 | G932: Successful
A933: TXN000932 | B933: ATM061 | C933: 46034 | D933: 0.36355324 | E933: Withdrawal | F933: 4000 | G933: Successful
A934: TXN000933 | B934: ATM085 | C934: 45745 | D934: 0.30931713 | E934: Withdrawal | F934: 1000 | G934: Successful
A935: TXN000934 | B935: ATM022 | C935: 45724 | D935: 0.55024306 | E935: Withdrawal | F935: 4000 | G935: Successful
A936: TXN000935 | B936: ATM055 | C936: 46169 | D936: 0.4484838 | E936: Withdrawal | F936: 2500 | G936: Successful
A937: TXN000936 | B937: ATM083 | C937: 46067 | D937: 0.57127315 | E937: Cash Deposit | F937: 10000 | G937: Successful
A938: TXN000937 | B938: ATM019 | C938: 46123 | D938: 0.30313657 | E938: Withdrawal | F938: 10000 | G938: Failed | H938: Insufficient Cash
A939: TXN000938 | B939: ATM013 | C939: 45712 | D939: 0.81369213 | E939: Withdrawal | F939: 1500 | G939: Successful
A940: TXN000939 | B940: ATM087 | C940: 45992 | D940: 0.36086806 | E940: Withdrawal | F940: 1000 | G940: Successful
A941: TXN000940 | B941: ATM067 | C941: 46162 | D941: 0.80020833 | E941: Withdrawal | F941: 5000 | G941: Successful
A942: TXN000941 | B942: ATM070 | C942: 46009 | D942: 0.8156713 | E942: Withdrawal | F942: 500 | G942: Failed | H942: Insufficient Cash
A943: TXN000942 | B943: ATM050 | C943: 46118 | D943: 0.51699074 | E943: Withdrawal | F943: 500 | G943: Successful
A944: TXN000943 | B944: ATM085 | C944: 45968 | D944: 0.84063657 | E944: Withdrawal | F944: 2500 | G944: Successful
A945: TXN000944 | B945: ATM063 | C945: 45770 | D945: 0.68868056 | E945: Withdrawal | F945: 6000 | G945: Successful
A946: TXN000945 | B946: ATM061 | C946: 45818 | D946: 0.68421296 | E946: Withdrawal | F946: 4000 | G946: Successful
A947: TXN000946 | B947: ATM046 | C947: 45949 | D947: 0.50112269 | E947: Withdrawal | F947: 3000 | G947: Successful
A948: TXN000947 | B948: ATM095 | C948: 45685 | D948: 0.8196875 | E948: Withdrawal | F948: 4000 | G948: Successful
A949: TXN000948 | B949: ATM046 | C949: 46079 | D949: 0.52934028 | E949: Withdrawal | F949: 10000 | G949: Successful
A950: TXN000949 | B950: ATM011 | C950: 45725 | D950: 0.8384375 | E950: Withdrawal | F950: 6000 | G950: Successful
A951: TXN000950 | B951: ATM059 | C951: 46090 | D951: 0.70655093 | E951: Withdrawal | F951: 5000 | G951: Successful
A952: TXN000951 | B952: ATM041 | C952: 46044 | D952: 0.72263889 | E952: Withdrawal | F952: 5000 | G952: Successful
A953: TXN000952 | B953: ATM087 | C953: 45868 | D953: 0.5228125 | E953: Balance Inquiry | F953: 0 | G953: Successful
A954: TXN000953 | B954: ATM079 | C954: 45964 | D954: 0.56055556 | E954: Withdrawal | F954: 1000 | G954: Successful
... A996: TXN000995 | B996: ATM042 | C996: 46065 | D996: 0.78152778 | E996: Withdrawal | F996: 8000 | G996: Successful
A997: TXN000996 | B997: ATM013 | C997: 45718 | D997: 0.2078125 | E997: Withdrawal | F997: 3000 | G997: Failed | H997: Timeout
A998: TXN000997 | B998: ATM091 | C998: 45704 | D998: 0.022673611 | E998: Withdrawal | F998: 4000 | G998: Successful
A999: TXN000998 | B999: ATM017 | C999: 45700 | D999: 0.71956019 | E999: Withdrawal | F999: 3000 | G999: Successful
A1000: TXN000999 | B1000: ATM017 | C1000: 45749 | D1000: 0.52322917 | E1000: Withdrawal | F1000: 1000 | G1000: Successful
A1001: TXN001000 | B1001: ATM017 | C1001: 46169 | D1001: 0.87033565 | E1001: Balance Inquiry | F1001: 0 | G1001: Successful
...

Sheet 03_Raw_Cash_Refills
A1: Refill_ID | B1: ATM_ID | C1: Refill_Date | D1: Refill_Amount
A2: REF00001 | B2: ATM001 | C2: 45662 | D2: 125000
A3: REF00002 | B3: ATM001 | C3: 45675 | D3: 100000
A4: REF00003 | B4: ATM001 | C4: 45692 | D4: 50000
A5: REF00004 | B5: ATM001 | C5: 45709 | D5: 100000
A6: REF00005 | B6: ATM001 | C6: 45722 | D6: 100000
A7: REF00006 | B7: ATM001 | C7: 45734 | D7: 75000
A8: REF00007 | B8: ATM001 | C8: 45745 | D8: 50000
A9: REF00008 | B9: ATM001 | C9: 45752 | D9: 75000
A10: REF00009 | B10: ATM001 | C10: 45765 | D10: 200000
A11: REF00010 | B11: ATM001 | C11: 45779 | D11: 50000
A12: REF00011 | B12: ATM001 | C12: 45792 | D12: 50000
A13: REF00012 | B13: ATM001 | C13: 45806 | D13: 75000
... A21: REF00020 | B21: ATM001 | C21: 45928 | D21: 200000
A22: REF00021 | B22: ATM001 | C22: 45941
A23: REF00022 | B23: ATM001 | C23: 45949 | D23: 150000
A24: REF00023 | B24: ATM001 | C24: 45962 | D24: 150000
A25: REF00024 | B25: ATM001 | C25: 45977 | D25: 50000
A26: REF00025 | B26: ATM001 | C26: 45988 | D26: 200000
A27: REF00026 | B27: ATM001 | C27: 45997 | D27: 200000
A28: REF00027 | B28: ATM001 | C28: 46005 | D28: 150000
A29: REF00028 | B29: ATM001 | C29: 46017 | D29: 150000
A30: REF00029 | B30: ATM001 | C30: 46026 | D30: 150000
A31: REF00030 | B31: ATM001 | C31: 46036 | D31: 50000
A32: REF00031 | B32: ATM001 | C32: 46043 | D32: 100000
A33: REF00032 | B33: ATM001 | C33: 46060 | D33: 100000
A34: REF00033 | B34: ATM001 | C34: 46076 | D34: 75000
... A251: REF00250 | B251: ATM006 | C251: 46149 | D251: 125000
A252: REF00251 | B252: ATM006 | C252: 46160
A253: REF00252 | B253: ATM006 | C253: 46174 | D253: 75000
A254: REF00253 | B254: ATM006 | C254: 46185 | D254: 150000
A255: REF00254 | B255: ATM006 | C255: 46192 | D255: 200000
A256: REF00255 | B256: ATM006 | C256: 46200 | D256: 150000
A257: REF00256 | B257: ATM007 | C257: 45681 | D257: 150000
A258: REF00257 | B258: ATM007 | C258: 45697 | D258: 125000
A259: REF00258 | B259: ATM007 | C259: 45705 | D259: 125000
A260: REF00259 | B260: ATM007 | C260: 45721 | D260: 50000
A261: REF00260 | B261: ATM007 | C261: 45736 | D261: 100000
A262: REF00261 | B262: ATM007 | C262: 45751 | D262: 50000
A263: REF00262 | B263: ATM007 | C263: 45763 | D263: 200000
A264: REF00263 | B264: ATM007 | C264: 45772 | D264: 125000
... A901: REF00900 | B901: ATM022 | C901: 45697 | D901: 125000
A902: REF00901 | B902: ATM022 | C902: 45710
A903: REF00902 | B903: ATM022 | C903: 45722 | D903: 50000
A904: REF00903 | B904: ATM022 | C904: 45738 | D904: 125000
A905: REF00904 | B905: ATM022 | C905: 45748 | D905: 200000
A906: REF00905 | B906: ATM022 | C906: 45756 | D906: 200000
A907: REF00906 | B907: ATM022 | C907: 45763 | D907: 75000
A908: REF00907 | B908: ATM022 | C908: 45780 | D908: 200000
A909: REF00908 | B909: ATM022 | C909: 45796 | D909: 150000
A910: REF00909 | B910: ATM022 | C910: 45813 | D910: 75000
A911: REF00910 | B911: ATM022 | C911: 45823 | D911: 50000
A912: REF00911 | B912: ATM022 | C912: 45832 | D912: 125000
A913: REF00912 | B913: ATM022 | C913: 45844 | D913: 75000
A914: REF00913 | B914: ATM022 | C914: 45861 | D914: 150000
... A4345: REF04344 | B4345: ATM100 | C4345: 46195 | D4345: 50000

Sheet 04_Raw_Maintenance
A1: Maintenance_ID | B1: ATM_ID | C1: Maintenance_Date | D1: Issue_Type | E1: Downtime_Hours
A2: MAIN00001 | B2: ATM001 | C2: 46043 | D2: Printer | E2: 11.8
A3: MAIN00002 | B3: ATM001 | C3: 45845 | D3: Screen | E3: 11
A4: MAIN00003 | B4: ATM001 | C4: 45899 | D4: Network | E4: 2.5
A5: MAIN00004 | B5: ATM001 | C5: 45969 | D5: Card Reader | E5: 2.9
A6: MAIN00005 | B6: ATM001 | C6: 45847 | D6: Printer | E6: 10.6
A7: MAIN00006 | B7: ATM002 | C7: 45669 | D7: Cash Dispenser | E7: 4.3
A8: MAIN00007 | B8: ATM002 | C8: 46015 | D8: Cash Dispenser | E8: 9.7
A9: MAIN00008 | B9: ATM002 | C9: 46061 | D9: Card Reader | E9: 6
A10: MAIN00009 | B10: ATM002 | C10: 45838 | D10: Network | E10: 6.6
A11: MAIN00010 | B11: ATM002 | C11: 46070 | D11: Cash Dispenser | E11: 6.3
A12: MAIN00011 | B12: ATM002 | C12: 45758 | D12: Cash Dispenser | E12: 7.7
A13: MAIN00012 | B13: ATM003 | C13: 45937 | D13: Software | E13: 6.3
... A515: MAIN00514 | B515: ATM100 | C515: 46066 | D515: Screen | E515: 8.4

Sheet 05_Project_Guide
A1: Step | B1: What We Will Do | C1: Tool
A2: 1 | B2: Understand business problem and KPIs | C2: Concept
A3: 2 | B3: Understand tables and relationships | C3: Concept
A4: 3 | B4: Inspect and clean raw data | C4: Excel
A5: 4 | B5: Load cleaned data into relational database | C5: PostgreSQL
A6: 5 | B6: Analyze KPIs using SQL | C6: PostgreSQL
A7: 6 | B7: Perform deeper EDA and anomaly analysis | C7: Python / Pandas
A8: 7 | B8: Build data model and calculations | C8: Power BI / DAX
A9: 8 | B9: Create management dashboard | C9: Power BI
A10: 9 | B10: Write insights and recommendations | C10: Business Analysis
A11: 10 | B11: Prepare GitHub README and resume bullets | C11: GitHub / Resume
